mean_fit_time,std_fit_time,mean_score_time,std_score_time,param_criterion,param_learning_rate,param_loss,param_max_depth,param_max_features,param_n_estimators,param_subsample,params,split0_test_score,split1_test_score,split2_test_score,split3_test_score,split4_test_score,split5_test_score,mean_test_score,std_test_score,rank_test_score
4.017354091008504,0.018516439002117597,0.07248489061991374,0.0014232177005819805,friedman_mse,0.2,deviance,8,sqrt,10,0.95,"{'criterion': 'friedman_mse', 'learning_rate': 0.2, 'loss': 'deviance', 'max_depth': 8, 'max_features': 'sqrt', 'n_estimators': 10, 'subsample': 0.95}",0.9991238119390482,0.9993184318734581,0.9995226338189724,0.998887231032076,0.9993102253019917,0.9993266551797214,0.9992481648575446,0.00019833463660315356,1
3.835751016934713,0.03212789952203905,0.07413828372955322,0.0025747881363320877,friedman_mse,0.2,deviance,8,sqrt,10,0.9,"{'criterion': 'friedman_mse', 'learning_rate': 0.2, 'loss': 'deviance', 'max_depth': 8, 'max_features': 'sqrt', 'n_estimators': 10, 'subsample': 0.9}",0.9990450971754041,0.9995966596400837,0.9992906505629146,0.999102740559322,0.9990208044951248,0.9990550237613578,0.9991851626990345,0.00020445820446386294,2
2.935139854749044,0.02822533621606758,0.07327779134114583,0.0004701778131960124,friedman_mse,0.2,deviance,8,log2,10,0.95,"{'criterion': 'friedman_mse', 'learning_rate': 0.2, 'loss': 'deviance', 'max_depth': 8, 'max_features': 'log2', 'n_estimators': 10, 'subsample': 0.95}",0.9986332186905967,0.9994521170826614,0.9992724398758706,0.9990961868920545,0.9992046264246539,0.9992218228545638,0.9991467353034001,0.00025308221536987565,3
4.223084966341655,0.027123992337698858,0.074026624361674,0.0013463864222161646,friedman_mse,0.2,deviance,8,sqrt,10,1.0,"{'criterion': 'friedman_mse', 'learning_rate': 0.2, 'loss': 'deviance', 'max_depth': 8, 'max_features': 'sqrt', 'n_estimators': 10, 'subsample': 1.0}",0.9991622863110539,0.9992332740030367,0.9990108726043664,0.9987385898364781,0.9992811760909701,0.9993764392571786,0.9991337730171806,0.00020920575282530932,4
2.811392386754354,0.011920919343361688,0.07722135384877522,0.007302877877682877,friedman_mse,0.2,deviance,8,log2,10,0.9,"{'criterion': 'friedman_mse', 'learning_rate': 0.2, 'loss': 'deviance', 'max_depth': 8, 'max_features': 'log2', 'n_estimators': 10, 'subsample': 0.9}",0.9988190575633997,0.9994580889984548,0.9990537490302625,0.9989140302036905,0.9992829338739684,0.9991123710282237,0.9991067051163331,0.00021495286068982694,5
3.0358922878901162,0.012645836060405589,0.07422749201456706,0.0004800977621609845,friedman_mse,0.2,deviance,8,log2,10,1.0,"{'criterion': 'friedman_mse', 'learning_rate': 0.2, 'loss': 'deviance', 'max_depth': 8, 'max_features': 'log2', 'n_estimators': 10, 'subsample': 1.0}",0.9993037943383177,0.9992685833316249,0.999019589104925,0.9988861564351964,0.998791449321398,0.9992494342115297,0.9990865011238319,0.0001994108995605399,6
2.9243642489115396,0.015873542070556565,0.07336493333180745,0.0009042401240627286,friedman_mse,0.1,deviance,8,log2,10,0.95,"{'criterion': 'friedman_mse', 'learning_rate': 0.1, 'loss': 'deviance', 'max_depth': 8, 'max_features': 'log2', 'n_estimators': 10, 'subsample': 0.95}",0.999062019587029,0.9992592509134415,0.9991209899661401,0.9986882508353995,0.9991456435442233,0.9990670130175516,0.9990571946439641,0.00017746314243497174,7
2.6910918156305947,0.024798291688371443,0.07408420244852702,0.000762479721409201,friedman_mse,0.2,deviance,8,log2,10,0.85,"{'criterion': 'friedman_mse', 'learning_rate': 0.2, 'loss': 'deviance', 'max_depth': 8, 'max_features': 'log2', 'n_estimators': 10, 'subsample': 0.85}",0.9990498493013957,0.9991973864073115,0.9991959611792517,0.9989591341167706,0.998640854761501,0.9992025909681415,0.9990409627890621,0.00020061482705646902,8
3.634025812149048,0.014090484876822915,0.07227814197540283,0.0005314718733617628,friedman_mse,0.2,deviance,8,sqrt,10,0.85,"{'criterion': 'friedman_mse', 'learning_rate': 0.2, 'loss': 'deviance', 'max_depth': 8, 'max_features': 'sqrt', 'n_estimators': 10, 'subsample': 0.85}",0.9989981918537953,0.9991354392538719,0.9992655198368867,0.9987985494589061,0.998814269669048,0.9991204041597082,0.9990220623720361,0.00017102757726991167,9
3.8335222800572715,0.021970530709724462,0.07259015242258708,0.0006163344452435289,friedman_mse,0.1,deviance,8,sqrt,10,0.9,"{'criterion': 'friedman_mse', 'learning_rate': 0.1, 'loss': 'deviance', 'max_depth': 8, 'max_features': 'sqrt', 'n_estimators': 10, 'subsample': 0.9}",0.9990625108290969,0.9994299334941159,0.9989322123478491,0.9987593200610476,0.9989407149640674,0.9989988608585122,0.9990205920924482,0.00020503829699832087,10
2.802587866783142,0.013279718425096695,0.07382404804229736,0.000541012589795245,friedman_mse,0.1,deviance,8,log2,10,0.9,"{'criterion': 'friedman_mse', 'learning_rate': 0.1, 'loss': 'deviance', 'max_depth': 8, 'max_features': 'log2', 'n_estimators': 10, 'subsample': 0.9}",0.9986027306477846,0.9993181383519835,0.9989234501532108,0.9988768743657271,0.9991070493847406,0.9992709522714994,0.9990165325291577,0.00024606554247221836,11
4.221492409706116,0.029103392315156757,0.07665836811065674,0.003625580040108842,friedman_mse,0.1,deviance,8,sqrt,10,1.0,"{'criterion': 'friedman_mse', 'learning_rate': 0.1, 'loss': 'deviance', 'max_depth': 8, 'max_features': 'sqrt', 'n_estimators': 10, 'subsample': 1.0}",0.9986530104806152,0.9992090773074358,0.9991090458647884,0.9986673724746961,0.9988750515598254,0.9991635779703296,0.9989461892762818,0.00022790473865979603,12
3.6255582571029663,0.014258187169730442,0.07206988334655762,0.0005517727791727654,friedman_mse,0.1,deviance,8,sqrt,10,0.85,"{'criterion': 'friedman_mse', 'learning_rate': 0.1, 'loss': 'deviance', 'max_depth': 8, 'max_features': 'sqrt', 'n_estimators': 10, 'subsample': 0.85}",0.9985783017457905,0.9989412144022103,0.999053394537573,0.9987659839761116,0.9989986615727495,0.9992123520435332,0.9989249847129947,0.00020421845421968881,13
3.0498726765314736,0.032924338385428395,0.07312341531117757,0.00020294465331248615,friedman_mse,0.1,deviance,8,log2,10,1.0,"{'criterion': 'friedman_mse', 'learning_rate': 0.1, 'loss': 'deviance', 'max_depth': 8, 'max_features': 'log2', 'n_estimators': 10, 'subsample': 1.0}",0.9988997124735276,0.9992945670224938,0.9990259866171339,0.9982991826751093,0.9986406735863211,0.9990095852970808,0.9988616179452777,0.0003170061347766911,14
4.023717085520427,0.01823948407607609,0.07236099243164062,0.0008797365686397879,friedman_mse,0.1,deviance,8,sqrt,10,0.95,"{'criterion': 'friedman_mse', 'learning_rate': 0.1, 'loss': 'deviance', 'max_depth': 8, 'max_features': 'sqrt', 'n_estimators': 10, 'subsample': 0.95}",0.9989504241761399,0.9991501905031692,0.9990082254137587,0.9986354375342728,0.9987964523479593,0.9986029993691364,0.9988572882240728,0.00019783395395705212,15
2.7002886533737183,0.020507011207271372,0.07398239771525066,0.0004787494474787635,friedman_mse,0.1,deviance,8,log2,10,0.85,"{'criterion': 'friedman_mse', 'learning_rate': 0.1, 'loss': 'deviance', 'max_depth': 8, 'max_features': 'log2', 'n_estimators': 10, 'subsample': 0.85}",0.9987423249203079,0.9990163897240663,0.998790229924621,0.9985993848111463,0.9985812168468001,0.9989232325627591,0.9987754631316167,0.00015807847263231233,16
2.961012840270996,0.005981523543084684,0.07256293296813965,0.0006413483412839693,friedman_mse,1,deviance,8,log2,10,1.0,"{'criterion': 'friedman_mse', 'learning_rate': 1, 'loss': 'deviance', 'max_depth': 8, 'max_features': 'log2', 'n_estimators': 10, 'subsample': 1.0}",0.998329869509609,0.9989801785911586,0.9987605810310021,0.9988096954933919,0.9986279870666808,0.9981120929660465,0.9986034007763148,0.0002960945424708739,17
4.1848076184590655,0.06461651712275096,0.07697900136311848,0.0034085797579628853,friedman_mse,1,deviance,8,sqrt,10,1.0,"{'criterion': 'friedman_mse', 'learning_rate': 1, 'loss': 'deviance', 'max_depth': 8, 'max_features': 'sqrt', 'n_estimators': 10, 'subsample': 1.0}",0.997762086839686,0.9986451479778587,0.9989051232630496,0.998205484468901,0.9986917969538922,0.9980609375840531,0.9983784295145735,0.00039944411436850907,18
2.1969794829686484,0.008849467552794518,0.06709996859232585,0.0011025750531193825,friedman_mse,0.2,deviance,5,sqrt,10,0.85,"{'criterion': 'friedman_mse', 'learning_rate': 0.2, 'loss': 'deviance', 'max_depth': 5, 'max_features': 'sqrt', 'n_estimators': 10, 'subsample': 0.85}",0.9983214919253122,0.9986736702328167,0.9984890406443057,0.9979649199531437,0.997651513924693,0.9986534400001442,0.9982923461134026,0.0003726501666971309,19
313.8813445965449,3.4768431688119246,0.07628190517425537,0.001249007488726879,mae,0.2,deviance,8,sqrt,10,1.0,"{'criterion': 'mae', 'learning_rate': 0.2, 'loss': 'deviance', 'max_depth': 8, 'max_features': 'sqrt', 'n_estimators': 10, 'subsample': 1.0}",0.9977907395747618,0.9986463375779554,0.9981754711190607,0.9979821567758049,0.9985056148244282,0.9985116631693909,0.9982686638402338,0.00031011145303485313,20
2.542009115219116,0.0034383460831887286,0.06550463040669759,0.0006957831483489173,friedman_mse,0.2,deviance,5,sqrt,10,1.0,"{'criterion': 'friedman_mse', 'learning_rate': 0.2, 'loss': 'deviance', 'max_depth': 5, 'max_features': 'sqrt', 'n_estimators': 10, 'subsample': 1.0}",0.9984694173411501,0.9986268500043126,0.9982782973414009,0.9972336503151533,0.9982685447887734,0.9985509860818468,0.9982379576454395,0.0004679732431101317,21
2.320614496866862,0.008669913466886666,0.06736310323079427,0.0008650200587849761,friedman_mse,0.2,deviance,5,sqrt,10,0.9,"{'criterion': 'friedman_mse', 'learning_rate': 0.2, 'loss': 'deviance', 'max_depth': 5, 'max_features': 'sqrt', 'n_estimators': 10, 'subsample': 0.9}",0.9979939882608664,0.99860669156092,0.9990698841916199,0.9968569138249505,0.9982687784647158,0.9984338106752567,0.9982050111630549,0.0006864965502906179,22
1.6304844617843628,0.002522999735018422,0.06727627913157146,0.0007272655586028267,friedman_mse,0.2,deviance,5,log2,10,0.9,"{'criterion': 'friedman_mse', 'learning_rate': 0.2, 'loss': 'deviance', 'max_depth': 5, 'max_features': 'log2', 'n_estimators': 10, 'subsample': 0.9}",0.9981076925720087,0.9985333624791283,0.9985430013937234,0.9982623413784857,0.997166686151125,0.9985616632502564,0.9981957912041213,0.0004898331587399561,23
2.4414546887079873,0.0032146042282388734,0.06660254796346028,0.0009668242289002032,friedman_mse,0.2,deviance,5,sqrt,10,0.95,"{'criterion': 'friedman_mse', 'learning_rate': 0.2, 'loss': 'deviance', 'max_depth': 5, 'max_features': 'sqrt', 'n_estimators': 10, 'subsample': 0.95}",0.9984193716394396,0.9982524911817933,0.9984901771347117,0.9978724039692912,0.9977019943966502,0.9982600140049847,0.9981660753878119,0.0002849289838689245,24
1.7623863220214844,0.004343044249997495,0.06612114111582439,0.00033338165815801805,friedman_mse,0.2,deviance,5,log2,10,1.0,"{'criterion': 'friedman_mse', 'learning_rate': 0.2, 'loss': 'deviance', 'max_depth': 5, 'max_features': 'log2', 'n_estimators': 10, 'subsample': 1.0}",0.9980187504083121,0.9985252120710765,0.9985185726008533,0.997817446310264,0.9979248276604133,0.9981023981128085,0.9981512011939547,0.0002761063011577612,25
284.6502400636673,4.07705661784718,0.07579378286997478,0.0016274444083857775,mae,0.2,deviance,8,sqrt,10,0.95,"{'criterion': 'mae', 'learning_rate': 0.2, 'loss': 'deviance', 'max_depth': 8, 'max_features': 'sqrt', 'n_estimators': 10, 'subsample': 0.95}",0.9980998797542616,0.9984692726602775,0.9985247131541266,0.9979773548035384,0.9975299928186973,0.9983037534028085,0.9981508277656185,0.00033731989884405603,26
1.5505718390146892,0.003817867289762286,0.06822407245635986,0.001483648957657434,friedman_mse,0.2,deviance,5,log2,10,0.85,"{'criterion': 'friedman_mse', 'learning_rate': 0.2, 'loss': 'deviance', 'max_depth': 5, 'max_features': 'log2', 'n_estimators': 10, 'subsample': 0.85}",0.9982121787029496,0.998535089874092,0.9985687412867545,0.9976206092205047,0.9976494799736084,0.9983041183833917,0.9981483695735501,0.0003834092869793517,27
261.82753241062164,11.630215747475754,0.07554781436920166,0.0010444467303958001,mae,0.2,deviance,8,sqrt,10,0.9,"{'criterion': 'mae', 'learning_rate': 0.2, 'loss': 'deviance', 'max_depth': 8, 'max_features': 'sqrt', 'n_estimators': 10, 'subsample': 0.9}",0.9982245663403685,0.9985038027005935,0.9983199443144125,0.9984329401336611,0.9972785612799082,0.9978867764474828,0.9981077652027377,0.0004198535641897039,28
235.46670615673065,7.642702152011808,0.07865691184997559,0.0045135305247367636,mae,0.2,deviance,8,sqrt,10,0.85,"{'criterion': 'mae', 'learning_rate': 0.2, 'loss': 'deviance', 'max_depth': 8, 'max_features': 'sqrt', 'n_estimators': 10, 'subsample': 0.85}",0.9978580070780827,0.9980271346744394,0.9979934522700067,0.9971876413545122,0.9982477498102499,0.9986845679813516,0.9979997588614403,0.00044923651209250576,29
142.64385890960693,4.763027377498702,0.07733496030171712,0.0016567846225415057,mae,0.2,deviance,8,log2,10,0.85,"{'criterion': 'mae', 'learning_rate': 0.2, 'loss': 'deviance', 'max_depth': 8, 'max_features': 'log2', 'n_estimators': 10, 'subsample': 0.85}",0.9978114853838802,0.9981531928611103,0.998073479975598,0.9978320420476319,0.9976078884226652,0.9981740702991202,0.9979420264983343,0.00020676129171380984,30
1.7050627867380779,0.0038086320688224995,0.06739409764607747,0.0015622253435467754,friedman_mse,0.2,deviance,5,log2,10,0.95,"{'criterion': 'friedman_mse', 'learning_rate': 0.2, 'loss': 'deviance', 'max_depth': 5, 'max_features': 'log2', 'n_estimators': 10, 'subsample': 0.95}",0.9976212983369616,0.9985255225898217,0.9980467517451828,0.9972860339717681,0.997613060711011,0.9984738383444087,0.997927750949859,0.00046087731477867285,31
181.1522053082784,4.653216060722317,0.07800809542338054,0.000347186372294252,mae,0.2,deviance,8,log2,10,0.95,"{'criterion': 'mae', 'learning_rate': 0.2, 'loss': 'deviance', 'max_depth': 8, 'max_features': 'log2', 'n_estimators': 10, 'subsample': 0.95}",0.9977723948336245,0.9973957718147334,0.9983588547460096,0.9975483108281686,0.9977313904130305,0.998523728695881,0.9978884085552413,0.00041259798879697746,32
163.29521882534027,5.785429721053287,0.07748393217722575,0.0008887862543053806,mae,0.2,deviance,8,log2,10,0.9,"{'criterion': 'mae', 'learning_rate': 0.2, 'loss': 'deviance', 'max_depth': 8, 'max_features': 'log2', 'n_estimators': 10, 'subsample': 0.9}",0.9977791024006297,0.9982134141194068,0.9981223007119393,0.9979602405455271,0.9971778500953606,0.9979986425878945,0.9978752584101264,0.00033996302174684015,33
198.02250003814697,3.45349405152567,0.07723422845204671,0.0008398579696487007,mae,0.2,deviance,8,log2,10,1.0,"{'criterion': 'mae', 'learning_rate': 0.2, 'loss': 'deviance', 'max_depth': 8, 'max_features': 'log2', 'n_estimators': 10, 'subsample': 1.0}",0.9981155941916443,0.9979073868525156,0.9984474801451062,0.9969645747055704,0.9975937318275998,0.9981048616212339,0.9978556048906116,0.00047350349077547414,34
2.4413019816080728,0.005007780918736617,0.06663302580515544,0.001178055604548479,friedman_mse,0.1,deviance,5,sqrt,10,0.95,"{'criterion': 'friedman_mse', 'learning_rate': 0.1, 'loss': 'deviance', 'max_depth': 5, 'max_features': 'sqrt', 'n_estimators': 10, 'subsample': 0.95}",0.9970197033062673,0.9976228101872359,0.9979695777911589,0.9972502664737457,0.9976311544494216,0.9979327644185544,0.9975710461043973,0.0003422568796615944,35
2.3309431076049805,0.010796937391784424,0.06668190161387126,0.0006345446531921206,friedman_mse,0.1,deviance,5,sqrt,10,0.9,"{'criterion': 'friedman_mse', 'learning_rate': 0.1, 'loss': 'deviance', 'max_depth': 5, 'max_features': 'sqrt', 'n_estimators': 10, 'subsample': 0.9}",0.9982315698893383,0.997481856810093,0.9981407640186193,0.9972161225424783,0.9967384715174852,0.9973760451667518,0.9975308049907944,0.0005190191650912981,36
333.78895850976306,9.41326447043926,0.07626561323801677,0.0009227424855888416,mae,0.1,deviance,8,sqrt,10,1.0,"{'criterion': 'mae', 'learning_rate': 0.1, 'loss': 'deviance', 'max_depth': 8, 'max_features': 'sqrt', 'n_estimators': 10, 'subsample': 1.0}",0.9973585720206948,0.9980768325588849,0.997888998760394,0.9972932270697867,0.9967963659198393,0.9974844750771219,0.9974830785677868,0.0004164205981461194,37
246.36362222830454,5.544662631456178,0.0763695240020752,0.0012231258537460821,mae,0.1,deviance,8,sqrt,10,0.85,"{'criterion': 'mae', 'learning_rate': 0.1, 'loss': 'deviance', 'max_depth': 8, 'max_features': 'sqrt', 'n_estimators': 10, 'subsample': 0.85}",0.9974822526954338,0.9980755590838127,0.9980903436759452,0.996443065741482,0.9966305359605453,0.9979826274417543,0.9974507307664955,0.0006796483315601074,38
168.10487306118011,2.8857082755131316,0.0766588846842448,0.0012574713514725774,mae,0.1,deviance,8,log2,10,0.9,"{'criterion': 'mae', 'learning_rate': 0.1, 'loss': 'deviance', 'max_depth': 8, 'max_features': 'log2', 'n_estimators': 10, 'subsample': 0.9}",0.9971124145637973,0.9976512771795598,0.9975799661779146,0.9972618829299785,0.9972179296118344,0.9976729504318318,0.9974160701491527,0.00022487471349958078,39
2.548436482747396,0.009005149142753162,0.06640660762786865,0.0002472822421741978,friedman_mse,0.1,deviance,5,sqrt,10,1.0,"{'criterion': 'friedman_mse', 'learning_rate': 0.1, 'loss': 'deviance', 'max_depth': 5, 'max_features': 'sqrt', 'n_estimators': 10, 'subsample': 1.0}",0.9974731037626128,0.9973877238636597,0.9977971867842754,0.997237795622992,0.9966233684223548,0.9979518645349854,0.9974118404984801,0.00042747950303690107,40
189.3162132104238,3.658370927850244,0.07696866989135742,0.0007900731863377748,mae,0.1,deviance,8,log2,10,0.95,"{'criterion': 'mae', 'learning_rate': 0.1, 'loss': 'deviance', 'max_depth': 8, 'max_features': 'log2', 'n_estimators': 10, 'subsample': 0.95}",0.9966851188462295,0.9979347835904789,0.997051013472331,0.9974268593138145,0.9971934881898938,0.9979509987228539,0.9973737103559337,0.0004585595962511213,41
1.6527613401412964,0.043627297000801764,0.06783167521158855,0.0007129175282256196,friedman_mse,0.1,deviance,5,log2,10,0.9,"{'criterion': 'friedman_mse', 'learning_rate': 0.1, 'loss': 'deviance', 'max_depth': 5, 'max_features': 'log2', 'n_estimators': 10, 'subsample': 0.9}",0.9973802811144632,0.9975956269144298,0.9977725321717603,0.9965843399700083,0.997069590615749,0.9978380168866628,0.9973733979455122,0.00043579876204578747,42
298.76332147916156,9.208940367598643,0.07613563537597656,0.000687868604065995,mae,0.1,deviance,8,sqrt,10,0.95,"{'criterion': 'mae', 'learning_rate': 0.1, 'loss': 'deviance', 'max_depth': 8, 'max_features': 'sqrt', 'n_estimators': 10, 'subsample': 0.95}",0.9972469371648888,0.997929840692733,0.9976990505066293,0.996500132247798,0.9969565984505996,0.9978625964077693,0.9973658592450696,0.000517519627928089,43
2.207549571990967,0.005289400911917,0.06676264603932698,0.000768198491999803,friedman_mse,0.1,deviance,5,sqrt,10,0.85,"{'criterion': 'friedman_mse', 'learning_rate': 0.1, 'loss': 'deviance', 'max_depth': 5, 'max_features': 'sqrt', 'n_estimators': 10, 'subsample': 0.85}",0.9972262044903151,0.9976372390952358,0.997549851544955,0.9971501970784142,0.996378080467472,0.9981693215993033,0.9973518157126159,0.0005467463082432364,44
153.34889618555704,4.280337955216331,0.07905006408691406,0.005100339022487641,mae,0.1,deviance,8,log2,10,0.85,"{'criterion': 'mae', 'learning_rate': 0.1, 'loss': 'deviance', 'max_depth': 8, 'max_features': 'log2', 'n_estimators': 10, 'subsample': 0.85}",0.9973877493215288,0.9971355250085839,0.9973974412736855,0.9978672580149526,0.9970626123324726,0.9970302468447997,0.9973134721326704,0.000286955020533977,45
209.80591519673666,6.363526993754816,0.07598968346913655,0.0008729020860406766,mae,0.1,deviance,8,log2,10,1.0,"{'criterion': 'mae', 'learning_rate': 0.1, 'loss': 'deviance', 'max_depth': 8, 'max_features': 'log2', 'n_estimators': 10, 'subsample': 1.0}",0.9972777315569408,0.9981977027132866,0.9975449598357746,0.9961870726835869,0.996389797153918,0.9981334311906427,0.9972884491890248,0.0007775232923527608,46
1.7047336101531982,0.00921447807630674,0.06703432401021321,0.0004879129994217733,friedman_mse,0.1,deviance,5,log2,10,0.95,"{'criterion': 'friedman_mse', 'learning_rate': 0.1, 'loss': 'deviance', 'max_depth': 5, 'max_features': 'log2', 'n_estimators': 10, 'subsample': 0.95}",0.9973721100885008,0.9974161599011625,0.9979550379388445,0.9963126013518349,0.9966042757097066,0.9979132210295415,0.9972622343365986,0.0006156620591429787,47
277.88894522190094,11.639940010060212,0.07627137502034505,0.0004449795985427874,mae,0.1,deviance,8,sqrt,10,0.9,"{'criterion': 'mae', 'learning_rate': 0.1, 'loss': 'deviance', 'max_depth': 8, 'max_features': 'sqrt', 'n_estimators': 10, 'subsample': 0.9}",0.9977790866271391,0.9982466414413741,0.9981330478035705,0.9957735460831648,0.9962810225329335,0.997142586256811,0.9972259884574988,0.0009291494437099503,48
1.654894471168518,0.006699056423510844,0.07117561499277751,0.007510969029525971,friedman_mse,0.1,deviance,5,log2,10,0.85,"{'criterion': 'friedman_mse', 'learning_rate': 0.1, 'loss': 'deviance', 'max_depth': 5, 'max_features': 'log2', 'n_estimators': 10, 'subsample': 0.85}",0.997241178303657,0.997627593517375,0.9971290404228661,0.996728459174786,0.9965291134369915,0.9980833432824376,0.997223121356352,0.000522668542602825,49
3.727498014767965,0.012855014622395808,0.07146839300791423,0.0011964972625833953,friedman_mse,1,deviance,8,sqrt,10,0.9,"{'criterion': 'friedman_mse', 'learning_rate': 1, 'loss': 'deviance', 'max_depth': 8, 'max_features': 'sqrt', 'n_estimators': 10, 'subsample': 0.9}",0.9960066492581703,0.997876513794399,0.997239143346562,0.9966796737847803,0.9971738512137225,0.9979168615355066,0.9971487821555235,0.0006649389813381874,50
1.7664297024408977,0.009205142341341727,0.0669185717900594,0.0008461821384189022,friedman_mse,0.1,deviance,5,log2,10,1.0,"{'criterion': 'friedman_mse', 'learning_rate': 0.1, 'loss': 'deviance', 'max_depth': 5, 'max_features': 'log2', 'n_estimators': 10, 'subsample': 1.0}",0.99721385540381,0.9971046217991566,0.9974621340770113,0.9968684450812934,0.9960876766170188,0.9975205365250511,0.9970428782505568,0.00047955107812588645,51
2.658593932787577,0.01625320236298361,0.07211490472157796,0.0008483761172039032,friedman_mse,1,deviance,8,log2,10,0.9,"{'criterion': 'friedman_mse', 'learning_rate': 1, 'loss': 'deviance', 'max_depth': 8, 'max_features': 'log2', 'n_estimators': 10, 'subsample': 0.9}",0.9972989011922848,0.9956952695635405,0.997808361775993,0.9975328112370608,0.9963217138972693,0.9968796910620862,0.9969227914547057,0.0007266107773651067,52
3.945639173189799,0.027461573651487273,0.07181692123413086,0.0013273738792386022,friedman_mse,1,deviance,8,sqrt,10,0.95,"{'criterion': 'friedman_mse', 'learning_rate': 1, 'loss': 'deviance', 'max_depth': 8, 'max_features': 'sqrt', 'n_estimators': 10, 'subsample': 0.95}",0.9972195797647962,0.9982558574984143,0.996035687651711,0.9970296902937777,0.9951986417572579,0.9971718177088217,0.9968185457791298,0.0009689368904602355,53
2.796221693356832,0.023624695721365583,0.07216159502665202,0.0008963946171839642,friedman_mse,1,deviance,8,log2,10,0.95,"{'criterion': 'friedman_mse', 'learning_rate': 1, 'loss': 'deviance', 'max_depth': 8, 'max_features': 'log2', 'n_estimators': 10, 'subsample': 0.95}",0.9952997773540784,0.9979783472850923,0.9964366493960959,0.9929877814169888,0.9986866554948879,0.9976610823635239,0.9965083822184444,0.0019189793601321874,54
2.5564523140589395,0.01808733488730363,0.07214613755544026,0.001140907674594676,friedman_mse,1,deviance,8,log2,10,0.85,"{'criterion': 'friedman_mse', 'learning_rate': 1, 'loss': 'deviance', 'max_depth': 8, 'max_features': 'log2', 'n_estimators': 10, 'subsample': 0.85}",0.9948612738844453,0.9927048670467193,0.9983640448624944,0.9962922924448023,0.9975924113340378,0.9969050794270539,0.996119994833259,0.00187515738882599,55
177.03207461039224,3.1338365725487902,0.07668912410736084,0.0011917762156903303,mae,1,deviance,8,log2,10,0.95,"{'criterion': 'mae', 'learning_rate': 1, 'loss': 'deviance', 'max_depth': 8, 'max_features': 'log2', 'n_estimators': 10, 'subsample': 0.95}",0.9961429244668876,0.9972182632930007,0.9956232151378133,0.994252609753852,0.9954714761107208,0.9956816337489203,0.9957316870851991,0.0008802155047568202,56
3.5430001417795816,0.01881376772057963,0.07045451800028484,0.0006245923170918129,friedman_mse,1,deviance,8,sqrt,10,0.85,"{'criterion': 'friedman_mse', 'learning_rate': 1, 'loss': 'deviance', 'max_depth': 8, 'max_features': 'sqrt', 'n_estimators': 10, 'subsample': 0.85}",0.9954276574658969,0.9976630144480492,0.9966213288729691,0.9941964554746262,0.9937844370445884,0.996119613386117,0.9956354177820411,0.0013452088353222487,57
195.15754465262094,2.479085107482956,0.0693516731262207,0.0005575906341576509,mae,0.2,deviance,5,sqrt,10,0.9,"{'criterion': 'mae', 'learning_rate': 0.2, 'loss': 'deviance', 'max_depth': 5, 'max_features': 'sqrt', 'n_estimators': 10, 'subsample': 0.9}",0.9935094143449493,0.9949542539657361,0.9954492904189536,0.9927067981045699,0.9937822616330065,0.9953538742858704,0.9942926487921809,0.0010239315131631587,58
242.37511161963144,3.8932599099317113,0.0696783463160197,0.0014560250761769657,mae,0.2,deviance,5,sqrt,10,1.0,"{'criterion': 'mae', 'learning_rate': 0.2, 'loss': 'deviance', 'max_depth': 5, 'max_features': 'sqrt', 'n_estimators': 10, 'subsample': 1.0}",0.9954293179577671,0.9953005246294504,0.9941231133642369,0.9925795503965713,0.9925253677677406,0.9951135016708769,0.9941785626311073,0.0012240824199261494,59
219.402357061704,4.308434449223803,0.0699919064839681,0.0010960589908520697,mae,0.2,deviance,5,sqrt,10,0.95,"{'criterion': 'mae', 'learning_rate': 0.2, 'loss': 'deviance', 'max_depth': 5, 'max_features': 'sqrt', 'n_estimators': 10, 'subsample': 0.95}",0.9935569193740603,0.9956554116807592,0.9941325639970501,0.9927410830337207,0.9935695062669623,0.9949000393312206,0.9940925872806289,0.0009559562960634715,60
2.5783979098002114,0.007622689340082712,0.06899638970692952,0.002282941302180444,friedman_mse,1,deviance,5,sqrt,10,1.0,"{'criterion': 'friedman_mse', 'learning_rate': 1, 'loss': 'deviance', 'max_depth': 5, 'max_features': 'sqrt', 'n_estimators': 10, 'subsample': 1.0}",0.9934026725735711,0.9949025366884371,0.99277281473705,0.993077830902996,0.9939406793043151,0.9952875265506386,0.9938973434595013,0.0009242803879327654,61
173.90530514717102,4.151986293581227,0.06890034675598145,0.0010076820876050649,mae,0.2,deviance,5,sqrt,10,0.85,"{'criterion': 'mae', 'learning_rate': 0.2, 'loss': 'deviance', 'max_depth': 5, 'max_features': 'sqrt', 'n_estimators': 10, 'subsample': 0.85}",0.9944958437385418,0.994544176977876,0.992640987767081,0.9933064533633711,0.9928074065857118,0.9949833340648089,0.9937963670828984,0.0009138141247866594,62
109.63773647944133,2.5056165089983238,0.0697869857152303,0.001794279647215417,mae,0.2,deviance,5,log2,10,0.85,"{'criterion': 'mae', 'learning_rate': 0.2, 'loss': 'deviance', 'max_depth': 5, 'max_features': 'log2', 'n_estimators': 10, 'subsample': 0.85}",0.9937511872720988,0.9942800553555727,0.9946015113735414,0.993484079498223,0.9939629028326273,0.9915731911164926,0.993608821241426,0.000978176986571159,63
1.6222033500671387,0.00593059934969415,0.0636511246363322,0.0006151882433214115,friedman_mse,0.2,deviance,3,sqrt,10,1.0,"{'criterion': 'friedman_mse', 'learning_rate': 0.2, 'loss': 'deviance', 'max_depth': 3, 'max_features': 'sqrt', 'n_estimators': 10, 'subsample': 1.0}",0.9946917517478486,0.9950580555550792,0.9940376541624374,0.99261421307554,0.9913834528071822,0.9936904788914743,0.9935792677065934,0.0012516558250849478,64
1.493277668952942,0.00931132627775393,0.0674063762029012,0.007496176995956823,friedman_mse,0.2,deviance,3,sqrt,10,0.9,"{'criterion': 'friedman_mse', 'learning_rate': 0.2, 'loss': 'deviance', 'max_depth': 3, 'max_features': 'sqrt', 'n_estimators': 10, 'subsample': 0.9}",0.993700938784178,0.9933146662696399,0.9949771659215829,0.9931363846018437,0.991766938715544,0.9942752821662258,0.9935285627431689,0.000999051981916059,65
1.4119464953740437,0.0021994133495981433,0.06351737181345622,0.0003804260225646212,friedman_mse,0.2,deviance,3,sqrt,10,0.85,"{'criterion': 'friedman_mse', 'learning_rate': 0.2, 'loss': 'deviance', 'max_depth': 3, 'max_features': 'sqrt', 'n_estimators': 10, 'subsample': 0.85}",0.9931000015762255,0.9938337688832493,0.994641378330309,0.9934141579028246,0.9913163316115338,0.9947784471822374,0.9935140142477299,0.0011534853126297128,66
244.78161907196045,6.134664115851475,0.06938477357228597,0.0006565477340309439,mae,1,deviance,5,sqrt,10,1.0,"{'criterion': 'mae', 'learning_rate': 1, 'loss': 'deviance', 'max_depth': 5, 'max_features': 'sqrt', 'n_estimators': 10, 'subsample': 1.0}",0.9929942685186246,0.9939482634227674,0.9939177245684846,0.994180586619221,0.9922199726537155,0.9937374825146966,0.9934997163829183,0.0006818191180235526,67
1.5586984952290852,0.00892509739672751,0.06371442476908366,0.0006913296969821558,friedman_mse,0.2,deviance,3,sqrt,10,0.95,"{'criterion': 'friedman_mse', 'learning_rate': 0.2, 'loss': 'deviance', 'max_depth': 3, 'max_features': 'sqrt', 'n_estimators': 10, 'subsample': 0.95}",0.9941690036056932,0.993298651804143,0.9928115027894393,0.9925861162593689,0.9938529186660885,0.9942192693492109,0.9934895770789905,0.0006375169250875943,68
154.7773943344752,2.5575985419220317,0.07013869285583496,0.0013134526623525856,mae,0.2,deviance,5,log2,10,1.0,"{'criterion': 'mae', 'learning_rate': 0.2, 'loss': 'deviance', 'max_depth': 5, 'max_features': 'log2', 'n_estimators': 10, 'subsample': 1.0}",0.994085533706318,0.9932806238226757,0.9936940617104992,0.9927351113196583,0.9929093608535003,0.9940354863666393,0.9934566962965484,0.0005225002799117912,69
2.4894010623296103,0.01423189639391911,0.06560305754343669,0.0019341206564527276,friedman_mse,1,deviance,5,sqrt,10,0.95,"{'criterion': 'friedman_mse', 'learning_rate': 1, 'loss': 'deviance', 'max_depth': 5, 'max_features': 'sqrt', 'n_estimators': 10, 'subsample': 0.95}",0.9958640892169519,0.9932410250477604,0.990111217600939,0.991797211851634,0.9917955442687127,0.996274052881301,0.9931805234778831,0.002237091367418345,70
126.13537740707397,1.496991404047393,0.06938131650288899,0.0007344031150530648,mae,0.2,deviance,5,log2,10,0.9,"{'criterion': 'mae', 'learning_rate': 0.2, 'loss': 'deviance', 'max_depth': 5, 'max_features': 'log2', 'n_estimators': 10, 'subsample': 0.9}",0.9937209589045531,0.9937454561672027,0.9928424362666275,0.9930926768779079,0.9914447109567608,0.9930620447537309,0.9929847139877971,0.0007670586200457653,71
1.127212921778361,0.0017109934243115584,0.06502211093902588,0.0012378099685063052,friedman_mse,0.2,deviance,3,log2,10,1.0,"{'criterion': 'friedman_mse', 'learning_rate': 0.2, 'loss': 'deviance', 'max_depth': 3, 'max_features': 'log2', 'n_estimators': 10, 'subsample': 1.0}",0.9913292555079913,0.9929564941656261,0.9945479875801524,0.9933536316521664,0.9921414356222128,0.9934925651645841,0.9929702282821222,0.0010238030336264493,72
136.86502130826315,1.7105244683327983,0.06965911388397217,0.0008604007337581632,mae,0.2,deviance,5,log2,10,0.95,"{'criterion': 'mae', 'learning_rate': 0.2, 'loss': 'deviance', 'max_depth': 5, 'max_features': 'log2', 'n_estimators': 10, 'subsample': 0.95}",0.992044405813787,0.9936046771310212,0.9939300659244952,0.9913994507449335,0.9927292749366353,0.9936877386858851,0.9928992688727929,0.0009301407799693033,73
143.4938405752182,5.714975052971476,0.06968569755554199,0.0013624918341868656,mae,1,deviance,5,log2,10,0.95,"{'criterion': 'mae', 'learning_rate': 1, 'loss': 'deviance', 'max_depth': 5, 'max_features': 'log2', 'n_estimators': 10, 'subsample': 0.95}",0.9916606588113552,0.9935808356490788,0.9936849644032331,0.9898860107424007,0.9939063875208417,0.993514172804953,0.9927055049886437,0.0014641754415591823,74
1.090203324953715,0.0029471959279232553,0.06444128354390462,0.00028398283950323966,friedman_mse,0.2,deviance,3,log2,10,0.95,"{'criterion': 'friedman_mse', 'learning_rate': 0.2, 'loss': 'deviance', 'max_depth': 3, 'max_features': 'log2', 'n_estimators': 10, 'subsample': 0.95}",0.9919458722812834,0.9924537576147265,0.9929930552105913,0.9919647976964029,0.9923884972464743,0.9942435724429857,0.9926649254154106,0.0007882487134364475,75
205.35114212830862,9.53560628255419,0.0698560078938802,0.0006113621060323417,mae,1,deviance,5,sqrt,10,0.9,"{'criterion': 'mae', 'learning_rate': 1, 'loss': 'deviance', 'max_depth': 5, 'max_features': 'sqrt', 'n_estimators': 10, 'subsample': 0.9}",0.993460931281778,0.9959299320552579,0.992709464951035,0.9919817398106486,0.9891853972228752,0.9925505784535256,0.9926363406291867,0.001994906395826049,76
1.0434762239456177,0.0010399976085024212,0.06477407614390056,0.00016284584794252515,friedman_mse,0.2,deviance,3,log2,10,0.9,"{'criterion': 'friedman_mse', 'learning_rate': 0.2, 'loss': 'deviance', 'max_depth': 3, 'max_features': 'log2', 'n_estimators': 10, 'subsample': 0.9}",0.9936748515801173,0.9917104097354581,0.9925855544097499,0.9902092355184567,0.9920893157734983,0.9943293413279678,0.9924331180575415,0.0013383424169993003,77
222.03253050645193,5.136886346056961,0.07015351454416911,0.0011303282971376878,mae,1,deviance,5,sqrt,10,0.95,"{'criterion': 'mae', 'learning_rate': 1, 'loss': 'deviance', 'max_depth': 5, 'max_features': 'sqrt', 'n_estimators': 10, 'subsample': 0.95}",0.9908206606693071,0.9923983638111753,0.9919964787275463,0.9930800166142719,0.9909276271842323,0.9949554259557145,0.9923630954937078,0.0014029421038089353,78
1.6380045811335247,0.005765599441161714,0.06342069307963054,0.0012777229857604642,friedman_mse,1,deviance,3,sqrt,10,1.0,"{'criterion': 'friedman_mse', 'learning_rate': 1, 'loss': 'deviance', 'max_depth': 3, 'max_features': 'sqrt', 'n_estimators': 10, 'subsample': 1.0}",0.9892770178101689,0.994824623389734,0.9939735330244531,0.990543583327752,0.9920351920921936,0.9934273173356367,0.9923468778299896,0.0019461774203170085,79
1.555278976758321,0.007726570015688492,0.06565062204996745,0.0006975397047973702,friedman_mse,1,deviance,5,log2,10,0.85,"{'criterion': 'friedman_mse', 'learning_rate': 1, 'loss': 'deviance', 'max_depth': 5, 'max_features': 'log2', 'n_estimators': 10, 'subsample': 0.85}",0.9906177092103816,0.994921242892595,0.9939938702886518,0.9911575351168063,0.992438030456877,0.9903310842413072,0.9922432453677699,0.0017200675524089042,80
2.355680505434672,0.007857766303437009,0.0652455488840739,0.00041594521678992426,friedman_mse,1,deviance,5,sqrt,10,0.9,"{'criterion': 'friedman_mse', 'learning_rate': 1, 'loss': 'deviance', 'max_depth': 5, 'max_features': 'sqrt', 'n_estimators': 10, 'subsample': 0.9}",0.9932924760780839,0.9948619049993811,0.9892405734591533,0.9891916211575517,0.9925344600555276,0.9942779017331613,0.992233156247143,0.002255021582984116,81
0.9964796702067057,0.0030632351229638566,0.06427999337514241,0.0004517405980869769,friedman_mse,0.2,deviance,3,log2,10,0.85,"{'criterion': 'friedman_mse', 'learning_rate': 0.2, 'loss': 'deviance', 'max_depth': 3, 'max_features': 'log2', 'n_estimators': 10, 'subsample': 0.85}",0.9923028822253827,0.991465572570946,0.9924439298654202,0.9921396425233937,0.9906044536163726,0.9942882067107274,0.9922074479187071,0.0011194608750902937,82
1.0568581819534302,0.0069427939897973336,0.0629119873046875,0.00021361839021137276,friedman_mse,1,deviance,3,log2,10,0.9,"{'criterion': 'friedman_mse', 'learning_rate': 1, 'loss': 'deviance', 'max_depth': 3, 'max_features': 'log2', 'n_estimators': 10, 'subsample': 0.9}",0.9899868691263525,0.9935076992959857,0.9936674674228794,0.9935809363729039,0.9877880976101612,0.9944378747126006,0.9921614907568138,0.0024197981930914763,83
1.5002820094426472,0.0046290169022019404,0.06351641813913982,0.001212676007451195,friedman_mse,1,deviance,3,sqrt,10,0.9,"{'criterion': 'friedman_mse', 'learning_rate': 1, 'loss': 'deviance', 'max_depth': 3, 'max_features': 'sqrt', 'n_estimators': 10, 'subsample': 0.9}",0.9894171026781379,0.9902399690188094,0.9948748442029954,0.9931390896302167,0.9935816966229852,0.9915458540088293,0.9921330926936623,0.0019119384929532678,84
1.1400864919026692,0.008224496282317363,0.06445805231730144,0.0012688849696173255,friedman_mse,1,deviance,3,log2,10,1.0,"{'criterion': 'friedman_mse', 'learning_rate': 1, 'loss': 'deviance', 'max_depth': 3, 'max_features': 'log2', 'n_estimators': 10, 'subsample': 1.0}",0.9906867233332953,0.992721336404513,0.9954495901222516,0.9913351727514266,0.9909554802046945,0.9909652805955625,0.9920189305686239,0.0016706388370871007,85
159.01786120732626,6.111717092603298,0.06977597872416179,0.00115631035223095,mae,1,deviance,5,log2,10,1.0,"{'criterion': 'mae', 'learning_rate': 1, 'loss': 'deviance', 'max_depth': 5, 'max_features': 'log2', 'n_estimators': 10, 'subsample': 1.0}",0.9894895263777596,0.9960606948489745,0.9914038374178474,0.9912037541570717,0.9908670461865443,0.991562664060354,0.9917645871747586,0.002038114717453104,86
1.4313382307688396,0.005315520364057154,0.06325308481852214,0.0007041932199927412,friedman_mse,1,deviance,3,sqrt,10,0.85,"{'criterion': 'friedman_mse', 'learning_rate': 1, 'loss': 'deviance', 'max_depth': 3, 'max_features': 'sqrt', 'n_estimators': 10, 'subsample': 0.85}",0.9900488013810802,0.9926174168825039,0.99109037766238,0.988114774385474,0.9909129084698144,0.9956560242660546,0.9914067171745512,0.0023290607868583606,87
183.26328901449838,3.4655170257017955,0.06922125816345215,0.0010152388299747353,mae,0.1,deviance,5,sqrt,10,0.85,"{'criterion': 'mae', 'learning_rate': 0.1, 'loss': 'deviance', 'max_depth': 5, 'max_features': 'sqrt', 'n_estimators': 10, 'subsample': 0.85}",0.989391634227389,0.99197237400044,0.9941522382379867,0.989475587620181,0.9901124603911008,0.9922026333583622,0.9912178213059099,0.0017196010919285057,88
1.0018579165140789,0.002496524395564155,0.06361997127532959,0.0005924193930087202,friedman_mse,1,deviance,3,log2,10,0.85,"{'criterion': 'friedman_mse', 'learning_rate': 1, 'loss': 'deviance', 'max_depth': 3, 'max_features': 'log2', 'n_estimators': 10, 'subsample': 0.85}",0.982105482760324,0.9932318502725173,0.9948515150741013,0.9920743383386167,0.9904188862451976,0.9941643517659126,0.9911410707427782,0.0042878388761186685,89
2.232047359148661,0.006874378172261332,0.06457992394765218,0.0004502438426166749,friedman_mse,1,deviance,5,sqrt,10,0.85,"{'criterion': 'friedman_mse', 'learning_rate': 1, 'loss': 'deviance', 'max_depth': 5, 'max_features': 'sqrt', 'n_estimators': 10, 'subsample': 0.85}",0.9903873897478068,0.9926892023078849,0.9928160917891328,0.9913489491225516,0.983207771454983,0.9948603597404713,0.9908849606938049,0.0037011360734814022,90
205.1109416882197,4.579776029589161,0.0693658987681071,0.001614723856578212,mae,0.1,deviance,5,sqrt,10,0.9,"{'criterion': 'mae', 'learning_rate': 0.1, 'loss': 'deviance', 'max_depth': 5, 'max_features': 'sqrt', 'n_estimators': 10, 'subsample': 0.9}",0.9911266313385687,0.9900304123077515,0.993098979948007,0.9891975501160246,0.9887243569342667,0.9928205919143294,0.9908330870931579,0.001680110361730467,91
160.40255415439606,3.496696566476453,0.07036582628885905,0.0012719911817319,mae,0.1,deviance,5,log2,10,1.0,"{'criterion': 'mae', 'learning_rate': 0.1, 'loss': 'deviance', 'max_depth': 5, 'max_features': 'log2', 'n_estimators': 10, 'subsample': 1.0}",0.9885046821702282,0.9916513196601879,0.9918179695604847,0.9917768672980761,0.9899722566080037,0.9897208125265704,0.9905739846372587,0.0012600970801387086,92
1.7136892477671306,0.006801694494022982,0.06564116477966309,0.000468204497121621,friedman_mse,1,deviance,5,log2,10,0.95,"{'criterion': 'friedman_mse', 'learning_rate': 1, 'loss': 'deviance', 'max_depth': 5, 'max_features': 'log2', 'n_estimators': 10, 'subsample': 0.95}",0.9891066766390235,0.9912183436616031,0.9923501294633045,0.993034906665127,0.9840494839136531,0.9936264940285113,0.9905643390618705,0.0032574372349426124,93
202.40297520160675,18.652869011592593,0.08033315340677898,0.008321615281404482,mae,1,deviance,8,log2,10,1.0,"{'criterion': 'mae', 'learning_rate': 1, 'loss': 'deviance', 'max_depth': 8, 'max_features': 'log2', 'n_estimators': 10, 'subsample': 1.0}",0.9668015113435027,0.9955357542350736,0.9942363190053817,0.9960378863797763,0.9957560048184705,0.9950038988290348,0.9905618957685398,0.010641844728714954,94
254.09477353096008,4.658291781480883,0.07053923606872559,0.0009726788848573142,mae,0.1,deviance,5,sqrt,10,1.0,"{'criterion': 'mae', 'learning_rate': 0.1, 'loss': 'deviance', 'max_depth': 5, 'max_features': 'sqrt', 'n_estimators': 10, 'subsample': 1.0}",0.989278129125245,0.9918458039056798,0.9926407942070347,0.9863276068449661,0.9917594737849129,0.9899831380243096,0.990305824315358,0.0021183018514022217,95
1.0991933743158977,0.004875614939050312,0.06434921423594157,0.0011819514786039968,friedman_mse,1,deviance,3,log2,10,0.95,"{'criterion': 'friedman_mse', 'learning_rate': 1, 'loss': 'deviance', 'max_depth': 3, 'max_features': 'log2', 'n_estimators': 10, 'subsample': 0.95}",0.9919264436506523,0.9892986780807137,0.9884796157429084,0.9901142653112188,0.9896945433678679,0.9920431599987867,0.990259451025358,0.0013160281121344778,96
126.98006967703502,3.724475749288287,0.07044001420338948,0.000712481741085953,mae,1,deviance,5,log2,10,0.9,"{'criterion': 'mae', 'learning_rate': 1, 'loss': 'deviance', 'max_depth': 5, 'max_features': 'log2', 'n_estimators': 10, 'subsample': 0.9}",0.9866450224113118,0.9939528732744167,0.9891830462817637,0.988243257656214,0.9905956061918124,0.9925199783509179,0.9901899640277395,0.0024874068966897734,97
150.45810055732727,7.011637469122185,0.07606275876363118,0.0010712787728946597,mae,1,deviance,8,log2,10,0.85,"{'criterion': 'mae', 'learning_rate': 1, 'loss': 'deviance', 'max_depth': 8, 'max_features': 'log2', 'n_estimators': 10, 'subsample': 0.85}",0.9935565810289697,0.9917672136649645,0.9923490133841584,0.983264790317335,0.9916242312987886,0.9880149845921375,0.9900961357143924,0.0034922816593551194,98
130.6684402624766,1.994222962365874,0.07092571258544922,0.0022282324975715115,mae,0.1,deviance,5,log2,10,0.9,"{'criterion': 'mae', 'learning_rate': 0.1, 'loss': 'deviance', 'max_depth': 5, 'max_features': 'log2', 'n_estimators': 10, 'subsample': 0.9}",0.9890125761139604,0.9913821236341688,0.9886771675612497,0.9899670421148821,0.9909187829676357,0.9904384470325199,0.9900660232374027,0.0009700933880071453,99
232.0044471025467,3.336981362674436,0.06933351357777913,0.0012256489634552186,mae,0.1,deviance,5,sqrt,10,0.95,"{'criterion': 'mae', 'learning_rate': 0.1, 'loss': 'deviance', 'max_depth': 5, 'max_features': 'sqrt', 'n_estimators': 10, 'subsample': 0.95}",0.9910450859903024,0.9905415273789469,0.9912233778464454,0.9833646251774184,0.9893977184418098,0.9943505166094269,0.9899871419073917,0.0033216224670473016,100
1.5739548603693645,0.003461583028461057,0.062398036321004234,0.00035842260606008716,friedman_mse,1,deviance,3,sqrt,10,0.95,"{'criterion': 'friedman_mse', 'learning_rate': 1, 'loss': 'deviance', 'max_depth': 3, 'max_features': 'sqrt', 'n_estimators': 10, 'subsample': 0.95}",0.9920048508044494,0.9893961793984907,0.9935346495122502,0.9846243565984981,0.9844230839584658,0.9953997282089253,0.9898971414135133,0.004202596283909335,101
1.6339260737101238,0.004666556987553779,0.06602879365285237,0.0008288432695540338,friedman_mse,1,deviance,5,log2,10,0.9,"{'criterion': 'friedman_mse', 'learning_rate': 1, 'loss': 'deviance', 'max_depth': 5, 'max_features': 'log2', 'n_estimators': 10, 'subsample': 0.9}",0.994297790433975,0.9916545709822321,0.9871424003666582,0.9921713505383991,0.9937871985120423,0.9788129348603967,0.9896443742822839,0.005366931582624443,102
1.322819709777832,0.012951856068463887,0.05926362673441569,0.0010523892286354783,friedman_mse,0.1,deviance,3,sqrt,10,0.9,"{'criterion': 'friedman_mse', 'learning_rate': 0.1, 'loss': 'deviance', 'max_depth': 3, 'max_features': 'sqrt', 'n_estimators': 10, 'subsample': 0.9}",0.9890475941217225,0.9886047620940461,0.9902017616310548,0.9886758278269753,0.9891194513848248,0.9920881516447695,0.9896229247838989,0.0012200091744478116,103
115.01001385847728,1.5741895680576166,0.0707093874613444,0.000933409667579617,mae,0.1,deviance,5,log2,10,0.85,"{'criterion': 'mae', 'learning_rate': 0.1, 'loss': 'deviance', 'max_depth': 5, 'max_features': 'log2', 'n_estimators': 10, 'subsample': 0.85}",0.99116671734059,0.9890757724592975,0.9919287700783836,0.9879770997335214,0.9895874351917022,0.9871864082542292,0.9894870338429539,0.0016600907588884876,104
1.233507513999939,0.00450089227016453,0.05809462070465088,0.0007029478812444691,friedman_mse,0.1,deviance,3,sqrt,10,0.85,"{'criterion': 'friedman_mse', 'learning_rate': 0.1, 'loss': 'deviance', 'max_depth': 3, 'max_features': 'sqrt', 'n_estimators': 10, 'subsample': 0.85}",0.990532341250999,0.9882603329500721,0.9904551727640092,0.9877530765060545,0.9876930988585384,0.9897094483962225,0.9890672451209827,0.0012077319797738084,105
144.37412973244986,1.3386593761948447,0.07123668988545735,0.005325657136002762,mae,0.1,deviance,5,log2,10,0.95,"{'criterion': 'mae', 'learning_rate': 0.1, 'loss': 'deviance', 'max_depth': 5, 'max_features': 'log2', 'n_estimators': 10, 'subsample': 0.95}",0.9888461166833025,0.9878728779708877,0.9884346706428359,0.988823517352532,0.9893091246955965,0.9910505279754913,0.9890561392201076,0.000993826018819127,106
181.70289107163748,6.987550415838642,0.06903215249379475,0.0012493769191560002,mae,1,deviance,5,sqrt,10,0.85,"{'criterion': 'mae', 'learning_rate': 1, 'loss': 'deviance', 'max_depth': 5, 'max_features': 'sqrt', 'n_estimators': 10, 'subsample': 0.85}",0.9865493693818663,0.9896545673619761,0.98218303466512,0.9917432497189157,0.9914050424366658,0.9923020033049262,0.9889728778115785,0.003585004080064241,107
113.89618504047394,2.3813962271415896,0.06942888100941975,0.0010586519958335594,mae,1,deviance,5,log2,10,0.85,"{'criterion': 'mae', 'learning_rate': 1, 'loss': 'deviance', 'max_depth': 5, 'max_features': 'log2', 'n_estimators': 10, 'subsample': 0.85}",0.9891676517679231,0.9796440149688579,0.993845848886493,0.9911049358752727,0.9879278981208268,0.9912215217124192,0.9888186452219655,0.004497458417687314,108
1.472690502802531,0.02282022181364909,0.06717121601104736,0.006828165500630114,friedman_mse,0.1,deviance,3,sqrt,10,1.0,"{'criterion': 'friedman_mse', 'learning_rate': 0.1, 'loss': 'deviance', 'max_depth': 3, 'max_features': 'sqrt', 'n_estimators': 10, 'subsample': 1.0}",0.9907820466272325,0.9865751342121083,0.9889088229808396,0.9868176373637295,0.9888015813671573,0.9901379164098776,0.9886705231601575,0.001555076524253323,109
1.7715779145558674,0.004280206145748098,0.06641654173533122,0.0021958630341941793,friedman_mse,1,deviance,5,log2,10,1.0,"{'criterion': 'friedman_mse', 'learning_rate': 1, 'loss': 'deviance', 'max_depth': 5, 'max_features': 'log2', 'n_estimators': 10, 'subsample': 1.0}",0.9901272601666781,0.9958002875544715,0.9936567832362628,0.9608468679674198,0.9959688181439355,0.995259592361857,0.9886099349051042,0.012574001735397236,110
1.4004613558451335,0.007486623527549045,0.05741580327351888,0.0003188025709069407,friedman_mse,0.1,deviance,3,sqrt,10,0.95,"{'criterion': 'friedman_mse', 'learning_rate': 0.1, 'loss': 'deviance', 'max_depth': 3, 'max_features': 'sqrt', 'n_estimators': 10, 'subsample': 0.95}",0.9890571393656206,0.9866420529478767,0.9879735043494489,0.9897234784348108,0.9880523736185133,0.9900469271879505,0.9885825793173701,0.001161099027645339,111
0.9914732774098715,0.0037200875322209856,0.06072835127512614,0.007066001518405549,friedman_mse,0.1,deviance,3,log2,10,1.0,"{'criterion': 'friedman_mse', 'learning_rate': 0.1, 'loss': 'deviance', 'max_depth': 3, 'max_features': 'log2', 'n_estimators': 10, 'subsample': 1.0}",0.9892939860859951,0.9869836229078395,0.9892438848912173,0.9865575890844885,0.9871696415912024,0.988398179087134,0.9879411506079795,0.0010925874048062431,112
0.9643499851226807,0.006615814552962741,0.05822869141896566,0.0015734630816737882,friedman_mse,0.1,deviance,3,log2,10,0.95,"{'criterion': 'friedman_mse', 'learning_rate': 0.1, 'loss': 'deviance', 'max_depth': 3, 'max_features': 'log2', 'n_estimators': 10, 'subsample': 0.95}",0.9895179494828648,0.9877345211800156,0.9868784560858657,0.9886230223780934,0.9860617405549632,0.987283793860146,0.9876832472569915,0.0011319948749254464,113
272.7213274637858,19.467172094117643,0.07652501265207927,0.0010288474287077727,mae,1,deviance,8,sqrt,10,0.9,"{'criterion': 'mae', 'learning_rate': 1, 'loss': 'deviance', 'max_depth': 8, 'max_features': 'sqrt', 'n_estimators': 10, 'subsample': 0.9}",0.9944191375069682,0.9583394881602116,0.9932045214059941,0.9938699940058946,0.9887955935387002,0.996327252925888,0.9874926645906096,0.01323459441949446,114
0.8839131593704224,0.00525060052666453,0.06254323323567708,0.0031646144054769745,friedman_mse,0.1,deviance,3,log2,10,0.85,"{'criterion': 'friedman_mse', 'learning_rate': 0.1, 'loss': 'deviance', 'max_depth': 3, 'max_features': 'log2', 'n_estimators': 10, 'subsample': 0.85}",0.9876739091985408,0.9874124573629028,0.9861316035523716,0.9867946502751384,0.9848917270156161,0.9888120207932571,0.9869527280329712,0.0012339220722641243,115
0.9239213864008585,0.0029569296909478446,0.060187300046284996,0.0029813913202697377,friedman_mse,0.1,deviance,3,log2,10,0.9,"{'criterion': 'friedman_mse', 'learning_rate': 0.1, 'loss': 'deviance', 'max_depth': 3, 'max_features': 'log2', 'n_estimators': 10, 'subsample': 0.9}",0.985134972299365,0.9885579429278165,0.9882413390224863,0.9865847783173551,0.9848956880571456,0.9864636605932429,0.9866463968695686,0.001389509732119583,116
161.28903595606485,6.187708685928891,0.06613453229268391,0.0017498198208179157,mae,1,deviance,3,sqrt,10,0.95,"{'criterion': 'mae', 'learning_rate': 1, 'loss': 'deviance', 'max_depth': 3, 'max_features': 'sqrt', 'n_estimators': 10, 'subsample': 0.95}",0.9882859710423275,0.9854927030036416,0.9871066481032843,0.9850959639399367,0.9846666965391565,0.9857200060337364,0.9860613314436805,0.0012488988840314089,117
176.16472800572714,1.6706477537478228,0.06621543566385905,0.0012272552119667272,mae,1,deviance,3,sqrt,10,1.0,"{'criterion': 'mae', 'learning_rate': 1, 'loss': 'deviance', 'max_depth': 3, 'max_features': 'sqrt', 'n_estimators': 10, 'subsample': 1.0}",0.9876919750746541,0.9866740003157528,0.9861443593965179,0.9848114461824595,0.9850751482520161,0.9857201709089051,0.9860195166883843,0.0009731328755329027,118
112.1897603670756,1.6962697969436382,0.06635653972625732,0.0008348403126509953,mae,1,deviance,3,log2,10,1.0,"{'criterion': 'mae', 'learning_rate': 1, 'loss': 'deviance', 'max_depth': 3, 'max_features': 'log2', 'n_estimators': 10, 'subsample': 1.0}",0.9876529592498109,0.9879033892003118,0.9869149811111676,0.9792980299195955,0.9857729319083962,0.9885720405964105,0.9860190553309488,0.0031297905211002224,119
130.93037537733713,4.138550698696612,0.06706380844116211,0.0007059642165943808,mae,1,deviance,3,sqrt,10,0.85,"{'criterion': 'mae', 'learning_rate': 1, 'loss': 'deviance', 'max_depth': 3, 'max_features': 'sqrt', 'n_estimators': 10, 'subsample': 0.85}",0.9836401144326461,0.987976278156353,0.9865975353662251,0.9846048365978113,0.9813066969155118,0.9889327341596952,0.9855096992713738,0.002612914061041845,120
101.72165564695995,1.697409919471182,0.0683153470357259,0.004870861416907657,mae,1,deviance,3,log2,10,0.95,"{'criterion': 'mae', 'learning_rate': 1, 'loss': 'deviance', 'max_depth': 3, 'max_features': 'log2', 'n_estimators': 10, 'subsample': 0.95}",0.9869659480728986,0.9899749284969703,0.9845144582730813,0.9825442124411177,0.984070874034165,0.9846898414141136,0.9854600437887244,0.002400386786949342,121
146.05028927326202,3.5155286908534547,0.06511688232421875,0.001305486418485944,mae,1,deviance,3,sqrt,10,0.9,"{'criterion': 'mae', 'learning_rate': 1, 'loss': 'deviance', 'max_depth': 3, 'max_features': 'sqrt', 'n_estimators': 10, 'subsample': 0.9}",0.980243360929469,0.9842879771847217,0.9839833687286399,0.9863945299807106,0.9850854858230177,0.9868358384271465,0.984471760178951,0.0021530687963563474,122
81.17013144493103,1.3420133912776395,0.06935834884643555,0.009113595465303739,mae,1,deviance,3,log2,10,0.85,"{'criterion': 'mae', 'learning_rate': 1, 'loss': 'deviance', 'max_depth': 3, 'max_features': 'log2', 'n_estimators': 10, 'subsample': 0.85}",0.9815331786936872,0.9842770652876476,0.9795818441793778,0.9824873677905126,0.9803056260301044,0.9874400208257645,0.9826041838011824,0.002638258729200641,123
91.93788834412892,2.0237854017924812,0.06732650597890218,0.0009902277952321655,mae,1,deviance,3,log2,10,0.9,"{'criterion': 'mae', 'learning_rate': 1, 'loss': 'deviance', 'max_depth': 3, 'max_features': 'log2', 'n_estimators': 10, 'subsample': 0.9}",0.9835111732719198,0.9829916943094916,0.9740777520371633,0.9844656672510723,0.9843186081027306,0.9858168946554248,0.9825302982713006,0.0038808495814773385,124
291.23893407980603,24.592705461904483,0.07626601060231526,0.001705981433434326,mae,1,deviance,8,sqrt,10,0.95,"{'criterion': 'mae', 'learning_rate': 1, 'loss': 'deviance', 'max_depth': 8, 'max_features': 'sqrt', 'n_estimators': 10, 'subsample': 0.95}",0.9945153030603278,0.9957160210742897,0.9969024247941446,0.8870205184835666,0.9962973191669848,0.9953191484821925,0.9776284558435843,0.040527967463761444,125
161.91951278845468,2.4168221485160335,0.0667496124903361,0.0009746527739502793,mae,0.2,deviance,3,sqrt,10,0.95,"{'criterion': 'mae', 'learning_rate': 0.2, 'loss': 'deviance', 'max_depth': 3, 'max_features': 'sqrt', 'n_estimators': 10, 'subsample': 0.95}",0.9810880107728938,0.9720635890370988,0.9710587471446326,0.977779192096843,0.9704222005026499,0.9843465450016071,0.9761263807592875,0.005317353936415183,126
178.87561841805777,3.4580813803468353,0.06649808088938396,0.000737810378045261,mae,0.2,deviance,3,sqrt,10,1.0,"{'criterion': 'mae', 'learning_rate': 0.2, 'loss': 'deviance', 'max_depth': 3, 'max_features': 'sqrt', 'n_estimators': 10, 'subsample': 1.0}",0.9790318474585697,0.9752249285409803,0.9723193058299564,0.9732987694188788,0.9753131583165343,0.978066628616481,0.9755424396969,0.002384796558589665,127
115.55648096402486,1.1251658915411553,0.06651151180267334,0.0007896995340151314,mae,0.2,deviance,3,log2,10,1.0,"{'criterion': 'mae', 'learning_rate': 0.2, 'loss': 'deviance', 'max_depth': 3, 'max_features': 'log2', 'n_estimators': 10, 'subsample': 1.0}",0.9753837544727283,0.9725294580435074,0.9736533662355145,0.97633326506259,0.9722889198953689,0.976813148651418,0.9745003187268545,0.0017786342323243558,128
145.31342693169913,2.106430897400546,0.06671146551767985,0.0009042192113329766,mae,0.2,deviance,3,sqrt,10,0.9,"{'criterion': 'mae', 'learning_rate': 0.2, 'loss': 'deviance', 'max_depth': 3, 'max_features': 'sqrt', 'n_estimators': 10, 'subsample': 0.9}",0.9726438374489504,0.9761109831390712,0.9708221986238776,0.9705713041431887,0.9789906589573295,0.9777601678726686,0.9744831916975142,0.0033114573202406884,129
129.9110050201416,1.9572037583152908,0.0659327507019043,0.0011016448407338078,mae,0.2,deviance,3,sqrt,10,0.85,"{'criterion': 'mae', 'learning_rate': 0.2, 'loss': 'deviance', 'max_depth': 3, 'max_features': 'sqrt', 'n_estimators': 10, 'subsample': 0.85}",0.978254148637116,0.9734650838226617,0.9742648781890585,0.9730940681203265,0.9715798314335402,0.9745077210561149,0.9741942885431364,0.002047897185816068,130
91.91041688124339,1.4970869381353502,0.06646422545115153,0.0008171907708290068,mae,0.2,deviance,3,log2,10,0.9,"{'criterion': 'mae', 'learning_rate': 0.2, 'loss': 'deviance', 'max_depth': 3, 'max_features': 'log2', 'n_estimators': 10, 'subsample': 0.9}",0.9782535568379462,0.9751636719303518,0.9728091909655431,0.9709684387675741,0.9688451207662547,0.9790109803708285,0.9741751599397498,0.0036867756003041287,131
82.73541657129924,0.7652473781394157,0.06665154298146565,0.000603061112068812,mae,0.2,deviance,3,log2,10,0.85,"{'criterion': 'mae', 'learning_rate': 0.2, 'loss': 'deviance', 'max_depth': 3, 'max_features': 'log2', 'n_estimators': 10, 'subsample': 0.85}",0.976148220534073,0.9722607077111782,0.9740990499354971,0.970088485826713,0.9716883925371814,0.9799015522266499,0.9740310681285488,0.003243347024317116,132
105.26109258333842,2.0038099571095422,0.06987293561299641,0.009538667777354619,mae,0.2,deviance,3,log2,10,0.95,"{'criterion': 'mae', 'learning_rate': 0.2, 'loss': 'deviance', 'max_depth': 3, 'max_features': 'log2', 'n_estimators': 10, 'subsample': 0.95}",0.9709344704332917,0.973204991328007,0.9720589091505658,0.9708335960040904,0.9651290043739648,0.9785806187371128,0.9717902650045054,0.0039623754906625615,133
170.08543348312378,1.4698650256305037,0.06530821323394775,0.001445183952174147,mae,0.1,deviance,3,sqrt,10,0.95,"{'criterion': 'mae', 'learning_rate': 0.1, 'loss': 'deviance', 'max_depth': 3, 'max_features': 'sqrt', 'n_estimators': 10, 'subsample': 0.95}",0.9726904413303302,0.9677459621647209,0.9655290874321208,0.9675771903189313,0.9663510977164484,0.955864974932075,0.965959792315771,0.005055557664766598,134
135.5492648681005,0.7013566787310505,0.06618404388427734,0.0009040507349807473,mae,0.1,deviance,3,sqrt,10,0.85,"{'criterion': 'mae', 'learning_rate': 0.1, 'loss': 'deviance', 'max_depth': 3, 'max_features': 'sqrt', 'n_estimators': 10, 'subsample': 0.85}",0.9668417708987065,0.9603924634128397,0.9622061625473259,0.9720577988852774,0.9648603275377445,0.9583707879559098,0.9641215518729673,0.004501397936812341,135
98.95005130767822,2.017545748696264,0.06545201937357585,0.00019913773754410953,mae,0.1,deviance,3,log2,10,0.9,"{'criterion': 'mae', 'learning_rate': 0.1, 'loss': 'deviance', 'max_depth': 3, 'max_features': 'log2', 'n_estimators': 10, 'subsample': 0.9}",0.9673057404602032,0.9650818159284074,0.9612575531913151,0.9594732355114571,0.9601400161666473,0.9690828075802926,0.9637235281397204,0.003660297002549675,136
119.82037206490834,2.4283868815857854,0.06616032123565674,0.000873882973520602,mae,0.1,deviance,3,log2,10,1.0,"{'criterion': 'mae', 'learning_rate': 0.1, 'loss': 'deviance', 'max_depth': 3, 'max_features': 'log2', 'n_estimators': 10, 'subsample': 1.0}",0.9589473015546419,0.9620122085554275,0.9597994098078587,0.9634777234890048,0.966071393630392,0.9659944474263966,0.9627170807439537,0.0027626077151419507,137
87.42607160409291,1.772886858337334,0.06543155511220296,0.0013322716239542911,mae,0.1,deviance,3,log2,10,0.85,"{'criterion': 'mae', 'learning_rate': 0.1, 'loss': 'deviance', 'max_depth': 3, 'max_features': 'log2', 'n_estimators': 10, 'subsample': 0.85}",0.958701431511843,0.9640273321987387,0.964349083364124,0.9629205464322286,0.9530880534259347,0.9695308512551367,0.9621028830313342,0.005122324198346017,138
184.59758277734122,2.5714008492793443,0.06635165214538574,0.0009513172585579825,mae,0.1,deviance,3,sqrt,10,1.0,"{'criterion': 'mae', 'learning_rate': 0.1, 'loss': 'deviance', 'max_depth': 3, 'max_features': 'sqrt', 'n_estimators': 10, 'subsample': 1.0}",0.9590221287135163,0.9640134635599908,0.9704925548037829,0.9594836433589757,0.9629068829918745,0.9565762256266351,0.9620824831757959,0.004501411540001331,139
258.11147010326385,48.095157837983194,0.05094313621520996,0.011073773751405887,mae,1,deviance,8,sqrt,10,1.0,"{'criterion': 'mae', 'learning_rate': 1, 'loss': 'deviance', 'max_depth': 8, 'max_features': 'sqrt', 'n_estimators': 10, 'subsample': 1.0}",0.9935204689498525,0.9946010061923449,0.9960086762985265,0.9813785267363784,0.9957544552967917,0.8097408381606581,0.9618339952724253,0.06820377946591007,140
168.67260193824768,14.873708225481987,0.07644327481587727,0.002161995392188685,mae,1,deviance,8,log2,10,0.9,"{'criterion': 'mae', 'learning_rate': 1, 'loss': 'deviance', 'max_depth': 8, 'max_features': 'log2', 'n_estimators': 10, 'subsample': 0.9}",0.9939412247754179,0.9954315894592405,0.9942634755400457,0.9943935292115464,0.8802018644936073,0.9121958249044265,0.9617379180640473,0.04725668261430197,141
150.90198318163553,2.1365747683551093,0.06681207815806071,0.000714989525430167,mae,0.1,deviance,3,sqrt,10,0.9,"{'criterion': 'mae', 'learning_rate': 0.1, 'loss': 'deviance', 'max_depth': 3, 'max_features': 'sqrt', 'n_estimators': 10, 'subsample': 0.9}",0.9623054858420081,0.9617294732358305,0.954449609992943,0.9682262013946215,0.9573148136865262,0.9623509832617655,0.9610627612356158,0.004334822957324147,142
109.21323136488597,1.462006340272208,0.0660926103591919,0.0007998116549275162,mae,0.1,deviance,3,log2,10,0.95,"{'criterion': 'mae', 'learning_rate': 0.1, 'loss': 'deviance', 'max_depth': 3, 'max_features': 'log2', 'n_estimators': 10, 'subsample': 0.95}",0.9610007103997962,0.9560374956342619,0.9535699695504023,0.9568729969799655,0.9616252796129825,0.959884278652029,0.9581651218049063,0.0028948390550708643,143
241.93954650561014,16.36877356009168,0.07515192031860352,0.001224857940842597,mae,1,deviance,8,sqrt,10,0.85,"{'criterion': 'mae', 'learning_rate': 1, 'loss': 'deviance', 'max_depth': 8, 'max_features': 'sqrt', 'n_estimators': 10, 'subsample': 0.85}",0.9896173951178522,0.9942651764083802,0.9970814602159601,0.7795145756894871,0.9928352100202978,0.9940839272296433,0.9578996241136034,0.07980675736578309,144
0.01817631721496582,5.904090042172135e-05,0.0,0.0,mae,0.2,exponential,8,sqrt,10,0.95,"{'criterion': 'mae', 'learning_rate': 0.2, 'loss': 'exponential', 'max_depth': 8, 'max_features': 'sqrt', 'n_estimators': 10, 'subsample': 0.95}",,,,,,,,,145
0.01878046989440918,0.00016236416101660686,0.0,0.0,mae,0.2,exponential,3,log2,10,0.9,"{'criterion': 'mae', 'learning_rate': 0.2, 'loss': 'exponential', 'max_depth': 3, 'max_features': 'log2', 'n_estimators': 10, 'subsample': 0.9}",,,,,,,,,146
0.018954753875732422,0.0001465103669418771,0.0,0.0,mae,1,exponential,3,log2,10,1.0,"{'criterion': 'mae', 'learning_rate': 1, 'loss': 'exponential', 'max_depth': 3, 'max_features': 'log2', 'n_estimators': 10, 'subsample': 1.0}",,,,,,,,,147
0.018818259239196777,0.00013422681916699212,0.0,0.0,mae,1,exponential,3,sqrt,10,0.85,"{'criterion': 'mae', 'learning_rate': 1, 'loss': 'exponential', 'max_depth': 3, 'max_features': 'sqrt', 'n_estimators': 10, 'subsample': 0.85}",,,,,,,,,148
0.018812060356140137,9.292910193604027e-05,0.0,0.0,mae,1,exponential,3,sqrt,10,0.9,"{'criterion': 'mae', 'learning_rate': 1, 'loss': 'exponential', 'max_depth': 3, 'max_features': 'sqrt', 'n_estimators': 10, 'subsample': 0.9}",,,,,,,,,149
0.018923441569010418,8.985467360575719e-05,0.0,0.0,mae,1,exponential,3,sqrt,10,0.95,"{'criterion': 'mae', 'learning_rate': 1, 'loss': 'exponential', 'max_depth': 3, 'max_features': 'sqrt', 'n_estimators': 10, 'subsample': 0.95}",,,,,,,,,150
0.0188751220703125,0.0001271688435517415,0.0,0.0,mae,1,exponential,3,sqrt,10,1.0,"{'criterion': 'mae', 'learning_rate': 1, 'loss': 'exponential', 'max_depth': 3, 'max_features': 'sqrt', 'n_estimators': 10, 'subsample': 1.0}",,,,,,,,,151
0.01885346571604411,0.00010898132259756886,0.0,0.0,mae,1,exponential,5,log2,10,0.85,"{'criterion': 'mae', 'learning_rate': 1, 'loss': 'exponential', 'max_depth': 5, 'max_features': 'log2', 'n_estimators': 10, 'subsample': 0.85}",,,,,,,,,152
0.01889328161875407,7.714887976627066e-05,0.0,0.0,mae,1,exponential,5,log2,10,0.9,"{'criterion': 'mae', 'learning_rate': 1, 'loss': 'exponential', 'max_depth': 5, 'max_features': 'log2', 'n_estimators': 10, 'subsample': 0.9}",,,,,,,,,153
0.018928805987040203,0.0001600544377611895,0.0,0.0,mae,1,exponential,5,log2,10,0.95,"{'criterion': 'mae', 'learning_rate': 1, 'loss': 'exponential', 'max_depth': 5, 'max_features': 'log2', 'n_estimators': 10, 'subsample': 0.95}",,,,,,,,,154
0.018924792607625324,0.00014922372767680003,0.0,0.0,mae,1,exponential,5,log2,10,1.0,"{'criterion': 'mae', 'learning_rate': 1, 'loss': 'exponential', 'max_depth': 5, 'max_features': 'log2', 'n_estimators': 10, 'subsample': 1.0}",,,,,,,,,155
0.01897100607554118,0.00021264809631873049,0.0,0.0,mae,1,exponential,5,sqrt,10,0.85,"{'criterion': 'mae', 'learning_rate': 1, 'loss': 'exponential', 'max_depth': 5, 'max_features': 'sqrt', 'n_estimators': 10, 'subsample': 0.85}",,,,,,,,,156
0.018883268038431805,0.00014970544242808582,0.0,0.0,mae,1,exponential,5,sqrt,10,0.9,"{'criterion': 'mae', 'learning_rate': 1, 'loss': 'exponential', 'max_depth': 5, 'max_features': 'sqrt', 'n_estimators': 10, 'subsample': 0.9}",,,,,,,,,157
0.01882282892862956,0.00010158027434591622,0.0,0.0,mae,1,exponential,5,sqrt,10,0.95,"{'criterion': 'mae', 'learning_rate': 1, 'loss': 'exponential', 'max_depth': 5, 'max_features': 'sqrt', 'n_estimators': 10, 'subsample': 0.95}",,,,,,,,,158
0.018805583318074543,0.00010868145296879524,0.0,0.0,mae,1,exponential,5,sqrt,10,1.0,"{'criterion': 'mae', 'learning_rate': 1, 'loss': 'exponential', 'max_depth': 5, 'max_features': 'sqrt', 'n_estimators': 10, 'subsample': 1.0}",,,,,,,,,159
0.018754323323567707,7.367232684504866e-05,0.0,0.0,mae,1,exponential,8,log2,10,0.85,"{'criterion': 'mae', 'learning_rate': 1, 'loss': 'exponential', 'max_depth': 8, 'max_features': 'log2', 'n_estimators': 10, 'subsample': 0.85}",,,,,,,,,160
0.01876242955525716,0.00017472268614163855,0.0,0.0,mae,1,exponential,8,log2,10,0.9,"{'criterion': 'mae', 'learning_rate': 1, 'loss': 'exponential', 'max_depth': 8, 'max_features': 'log2', 'n_estimators': 10, 'subsample': 0.9}",,,,,,,,,161
0.018784960110982258,0.0001430562744723008,0.0,0.0,mae,1,exponential,8,log2,10,0.95,"{'criterion': 'mae', 'learning_rate': 1, 'loss': 'exponential', 'max_depth': 8, 'max_features': 'log2', 'n_estimators': 10, 'subsample': 0.95}",,,,,,,,,162
0.01891005039215088,7.152196424701578e-05,0.0,0.0,mae,1,exponential,8,log2,10,1.0,"{'criterion': 'mae', 'learning_rate': 1, 'loss': 'exponential', 'max_depth': 8, 'max_features': 'log2', 'n_estimators': 10, 'subsample': 1.0}",,,,,,,,,163
0.01888994375864665,6.39103250873849e-05,0.0,0.0,mae,1,exponential,8,sqrt,10,0.85,"{'criterion': 'mae', 'learning_rate': 1, 'loss': 'exponential', 'max_depth': 8, 'max_features': 'sqrt', 'n_estimators': 10, 'subsample': 0.85}",,,,,,,,,164
0.0189744234085083,5.785958497463368e-05,0.0,0.0,mae,1,exponential,8,sqrt,10,0.9,"{'criterion': 'mae', 'learning_rate': 1, 'loss': 'exponential', 'max_depth': 8, 'max_features': 'sqrt', 'n_estimators': 10, 'subsample': 0.9}",,,,,,,,,165
0.019067128499348957,0.00040803656329892207,0.0,0.0,mae,1,exponential,3,log2,10,0.95,"{'criterion': 'mae', 'learning_rate': 1, 'loss': 'exponential', 'max_depth': 3, 'max_features': 'log2', 'n_estimators': 10, 'subsample': 0.95}",,,,,,,,,166
0.019054293632507324,0.00017638037985345537,0.0,0.0,mae,1,exponential,3,log2,10,0.9,"{'criterion': 'mae', 'learning_rate': 1, 'loss': 'exponential', 'max_depth': 3, 'max_features': 'log2', 'n_estimators': 10, 'subsample': 0.9}",,,,,,,,,167
0.019092003504435223,0.00012549620146812436,0.0,0.0,mae,1,exponential,3,log2,10,0.85,"{'criterion': 'mae', 'learning_rate': 1, 'loss': 'exponential', 'max_depth': 3, 'max_features': 'log2', 'n_estimators': 10, 'subsample': 0.85}",,,,,,,,,168
0.01829083760579427,0.0003278496665943544,0.0,0.0,mae,0.2,exponential,8,sqrt,10,1.0,"{'criterion': 'mae', 'learning_rate': 0.2, 'loss': 'exponential', 'max_depth': 8, 'max_features': 'sqrt', 'n_estimators': 10, 'subsample': 1.0}",,,,,,,,,169
0.01845089594523112,0.0002907630868252223,0.0,0.0,mae,0.2,exponential,3,log2,10,0.95,"{'criterion': 'mae', 'learning_rate': 0.2, 'loss': 'exponential', 'max_depth': 3, 'max_features': 'log2', 'n_estimators': 10, 'subsample': 0.95}",,,,,,,,,170
0.0184935728708903,9.415246656245924e-05,0.0,0.0,mae,0.2,exponential,3,log2,10,1.0,"{'criterion': 'mae', 'learning_rate': 0.2, 'loss': 'exponential', 'max_depth': 3, 'max_features': 'log2', 'n_estimators': 10, 'subsample': 1.0}",,,,,,,,,171
0.01827402909596761,0.00020924393896801216,0.0,0.0,mae,0.2,exponential,3,sqrt,10,0.85,"{'criterion': 'mae', 'learning_rate': 0.2, 'loss': 'exponential', 'max_depth': 3, 'max_features': 'sqrt', 'n_estimators': 10, 'subsample': 0.85}",,,,,,,,,172
0.018248637517293293,9.125782348225024e-05,0.0,0.0,mae,0.2,exponential,3,sqrt,10,0.9,"{'criterion': 'mae', 'learning_rate': 0.2, 'loss': 'exponential', 'max_depth': 3, 'max_features': 'sqrt', 'n_estimators': 10, 'subsample': 0.9}",,,,,,,,,173
0.018573323885599773,0.0005216661604958452,0.0,0.0,mae,0.2,exponential,3,sqrt,10,0.95,"{'criterion': 'mae', 'learning_rate': 0.2, 'loss': 'exponential', 'max_depth': 3, 'max_features': 'sqrt', 'n_estimators': 10, 'subsample': 0.95}",,,,,,,,,174
0.01824792226155599,0.000198727888564442,0.0,0.0,mae,0.2,exponential,3,sqrt,10,1.0,"{'criterion': 'mae', 'learning_rate': 0.2, 'loss': 'exponential', 'max_depth': 3, 'max_features': 'sqrt', 'n_estimators': 10, 'subsample': 1.0}",,,,,,,,,175
0.018292029698689777,0.0002353584949536083,0.0,0.0,mae,0.2,exponential,5,log2,10,0.85,"{'criterion': 'mae', 'learning_rate': 0.2, 'loss': 'exponential', 'max_depth': 5, 'max_features': 'log2', 'n_estimators': 10, 'subsample': 0.85}",,,,,,,,,176
0.018275896708170574,7.079046929514677e-05,0.0,0.0,mae,0.2,exponential,5,log2,10,0.9,"{'criterion': 'mae', 'learning_rate': 0.2, 'loss': 'exponential', 'max_depth': 5, 'max_features': 'log2', 'n_estimators': 10, 'subsample': 0.9}",,,,,,,,,177
0.018237829208374023,9.837070830886861e-05,0.0,0.0,mae,0.2,exponential,5,log2,10,0.95,"{'criterion': 'mae', 'learning_rate': 0.2, 'loss': 'exponential', 'max_depth': 5, 'max_features': 'log2', 'n_estimators': 10, 'subsample': 0.95}",,,,,,,,,178
0.018652478853861492,0.00012976217581902168,0.0,0.0,mae,0.2,exponential,3,log2,10,0.85,"{'criterion': 'mae', 'learning_rate': 0.2, 'loss': 'exponential', 'max_depth': 3, 'max_features': 'log2', 'n_estimators': 10, 'subsample': 0.85}",,,,,,,,,179
0.01821895440419515,0.00021446725987989045,0.0,0.0,mae,0.2,exponential,5,log2,10,1.0,"{'criterion': 'mae', 'learning_rate': 0.2, 'loss': 'exponential', 'max_depth': 5, 'max_features': 'log2', 'n_estimators': 10, 'subsample': 1.0}",,,,,,,,,180
0.018299460411071777,0.00010404594713779724,0.0,0.0,mae,0.2,exponential,5,sqrt,10,0.9,"{'criterion': 'mae', 'learning_rate': 0.2, 'loss': 'exponential', 'max_depth': 5, 'max_features': 'sqrt', 'n_estimators': 10, 'subsample': 0.9}",,,,,,,,,181
0.018501798311869305,0.00018305167265703448,0.0,0.0,mae,0.2,exponential,5,sqrt,10,0.95,"{'criterion': 'mae', 'learning_rate': 0.2, 'loss': 'exponential', 'max_depth': 5, 'max_features': 'sqrt', 'n_estimators': 10, 'subsample': 0.95}",,,,,,,,,182
0.018391132354736328,0.00013162936952106319,0.0,0.0,mae,0.2,exponential,5,sqrt,10,1.0,"{'criterion': 'mae', 'learning_rate': 0.2, 'loss': 'exponential', 'max_depth': 5, 'max_features': 'sqrt', 'n_estimators': 10, 'subsample': 1.0}",,,,,,,,,183
0.018531401952107746,0.000455124720253266,0.0,0.0,mae,0.2,exponential,8,log2,10,0.85,"{'criterion': 'mae', 'learning_rate': 0.2, 'loss': 'exponential', 'max_depth': 8, 'max_features': 'log2', 'n_estimators': 10, 'subsample': 0.85}",,,,,,,,,184
0.01832429567972819,0.00023389205558527426,0.0,0.0,mae,0.2,exponential,8,log2,10,0.9,"{'criterion': 'mae', 'learning_rate': 0.2, 'loss': 'exponential', 'max_depth': 8, 'max_features': 'log2', 'n_estimators': 10, 'subsample': 0.9}",,,,,,,,,185
0.01836395263671875,0.00015815498436465484,0.0,0.0,mae,0.2,exponential,8,log2,10,0.95,"{'criterion': 'mae', 'learning_rate': 0.2, 'loss': 'exponential', 'max_depth': 8, 'max_features': 'log2', 'n_estimators': 10, 'subsample': 0.95}",,,,,,,,,186
0.01848439375559489,0.00021940967296157698,0.0,0.0,mae,0.2,exponential,8,log2,10,1.0,"{'criterion': 'mae', 'learning_rate': 0.2, 'loss': 'exponential', 'max_depth': 8, 'max_features': 'log2', 'n_estimators': 10, 'subsample': 1.0}",,,,,,,,,187
0.018193284670511883,0.00015550146505851178,0.0,0.0,mae,0.2,exponential,8,sqrt,10,0.85,"{'criterion': 'mae', 'learning_rate': 0.2, 'loss': 'exponential', 'max_depth': 8, 'max_features': 'sqrt', 'n_estimators': 10, 'subsample': 0.85}",,,,,,,,,188
0.01823314030965169,4.561998280369084e-05,0.0,0.0,mae,0.2,exponential,8,sqrt,10,0.9,"{'criterion': 'mae', 'learning_rate': 0.2, 'loss': 'exponential', 'max_depth': 8, 'max_features': 'sqrt', 'n_estimators': 10, 'subsample': 0.9}",,,,,,,,,189
0.018412272135416668,0.00017236644637977776,0.0,0.0,mae,0.2,exponential,5,sqrt,10,0.85,"{'criterion': 'mae', 'learning_rate': 0.2, 'loss': 'exponential', 'max_depth': 5, 'max_features': 'sqrt', 'n_estimators': 10, 'subsample': 0.85}",,,,,,,,,190
0.018875916798909504,0.00017226682330791636,0.0,0.0,mae,0.1,exponential,8,sqrt,10,1.0,"{'criterion': 'mae', 'learning_rate': 0.1, 'loss': 'exponential', 'max_depth': 8, 'max_features': 'sqrt', 'n_estimators': 10, 'subsample': 1.0}",,,,,,,,,191
0.018706798553466797,0.00019600578782906093,0.0,0.0,friedman_mse,1,exponential,8,sqrt,10,1.0,"{'criterion': 'friedman_mse', 'learning_rate': 1, 'loss': 'exponential', 'max_depth': 8, 'max_features': 'sqrt', 'n_estimators': 10, 'subsample': 1.0}",,,,,,,,,192
0.01887961228688558,0.00011705821458610586,0.0,0.0,mae,0.1,exponential,8,sqrt,10,0.9,"{'criterion': 'mae', 'learning_rate': 0.1, 'loss': 'exponential', 'max_depth': 8, 'max_features': 'sqrt', 'n_estimators': 10, 'subsample': 0.9}",,,,,,,,,193
0.01871621608734131,0.00019815222084058824,0.0,0.0,friedman_mse,0.2,exponential,3,log2,10,0.85,"{'criterion': 'friedman_mse', 'learning_rate': 0.2, 'loss': 'exponential', 'max_depth': 3, 'max_features': 'log2', 'n_estimators': 10, 'subsample': 0.85}",,,,,,,,,194
0.018700122833251953,0.00021150187270885,0.0,0.0,friedman_mse,0.2,exponential,3,log2,10,0.9,"{'criterion': 'friedman_mse', 'learning_rate': 0.2, 'loss': 'exponential', 'max_depth': 3, 'max_features': 'log2', 'n_estimators': 10, 'subsample': 0.9}",,,,,,,,,195
0.02208109696706136,0.005189898460092584,0.0,0.0,friedman_mse,0.2,exponential,3,log2,10,0.95,"{'criterion': 'friedman_mse', 'learning_rate': 0.2, 'loss': 'exponential', 'max_depth': 3, 'max_features': 'log2', 'n_estimators': 10, 'subsample': 0.95}",,,,,,,,,196
0.019114335378011067,0.0003450255054092953,0.0,0.0,friedman_mse,0.2,exponential,3,log2,10,1.0,"{'criterion': 'friedman_mse', 'learning_rate': 0.2, 'loss': 'exponential', 'max_depth': 3, 'max_features': 'log2', 'n_estimators': 10, 'subsample': 1.0}",,,,,,,,,197
0.019281546274820965,0.00022884676033158128,0.0,0.0,friedman_mse,0.2,exponential,3,sqrt,10,0.85,"{'criterion': 'friedman_mse', 'learning_rate': 0.2, 'loss': 'exponential', 'max_depth': 3, 'max_features': 'sqrt', 'n_estimators': 10, 'subsample': 0.85}",,,,,,,,,198
0.019618550936381023,0.0003027201370671551,0.0,0.0,friedman_mse,0.2,exponential,3,sqrt,10,0.9,"{'criterion': 'friedman_mse', 'learning_rate': 0.2, 'loss': 'exponential', 'max_depth': 3, 'max_features': 'sqrt', 'n_estimators': 10, 'subsample': 0.9}",,,,,,,,,199
0.01966547966003418,0.0009682570374145302,0.0,0.0,friedman_mse,0.2,exponential,3,sqrt,10,0.95,"{'criterion': 'friedman_mse', 'learning_rate': 0.2, 'loss': 'exponential', 'max_depth': 3, 'max_features': 'sqrt', 'n_estimators': 10, 'subsample': 0.95}",,,,,,,,,200
0.01799643039703369,0.0005843929526817884,0.0,0.0,friedman_mse,0.2,exponential,3,sqrt,10,1.0,"{'criterion': 'friedman_mse', 'learning_rate': 0.2, 'loss': 'exponential', 'max_depth': 3, 'max_features': 'sqrt', 'n_estimators': 10, 'subsample': 1.0}",,,,,,,,,201
0.017984390258789062,0.00044159330307455503,0.0,0.0,friedman_mse,0.2,exponential,5,log2,10,0.85,"{'criterion': 'friedman_mse', 'learning_rate': 0.2, 'loss': 'exponential', 'max_depth': 5, 'max_features': 'log2', 'n_estimators': 10, 'subsample': 0.85}",,,,,,,,,202
0.019141554832458496,0.001639400585179335,0.0,0.0,friedman_mse,0.1,exponential,8,sqrt,10,1.0,"{'criterion': 'friedman_mse', 'learning_rate': 0.1, 'loss': 'exponential', 'max_depth': 8, 'max_features': 'sqrt', 'n_estimators': 10, 'subsample': 1.0}",,,,,,,,,203
0.019331733385721844,0.0018229400283868858,0.0,0.0,friedman_mse,0.2,exponential,5,log2,10,0.9,"{'criterion': 'friedman_mse', 'learning_rate': 0.2, 'loss': 'exponential', 'max_depth': 5, 'max_features': 'log2', 'n_estimators': 10, 'subsample': 0.9}",,,,,,,,,204
0.01850704352060954,0.0005032317317810858,0.0,0.0,friedman_mse,0.2,exponential,5,log2,10,1.0,"{'criterion': 'friedman_mse', 'learning_rate': 0.2, 'loss': 'exponential', 'max_depth': 5, 'max_features': 'log2', 'n_estimators': 10, 'subsample': 1.0}",,,,,,,,,205
0.018236478169759113,0.0009753474223216939,0.0,0.0,friedman_mse,0.2,exponential,5,sqrt,10,0.85,"{'criterion': 'friedman_mse', 'learning_rate': 0.2, 'loss': 'exponential', 'max_depth': 5, 'max_features': 'sqrt', 'n_estimators': 10, 'subsample': 0.85}",,,,,,,,,206
0.018790245056152344,0.000512731483497196,0.0,0.0,friedman_mse,0.2,exponential,5,sqrt,10,0.9,"{'criterion': 'friedman_mse', 'learning_rate': 0.2, 'loss': 'exponential', 'max_depth': 5, 'max_features': 'sqrt', 'n_estimators': 10, 'subsample': 0.9}",,,,,,,,,207
0.01890520254770915,0.0009258047152540876,0.0,0.0,friedman_mse,0.2,exponential,5,sqrt,10,0.95,"{'criterion': 'friedman_mse', 'learning_rate': 0.2, 'loss': 'exponential', 'max_depth': 5, 'max_features': 'sqrt', 'n_estimators': 10, 'subsample': 0.95}",,,,,,,,,208
0.01799766222635905,0.0010243436714995316,0.0,0.0,friedman_mse,0.2,exponential,5,sqrt,10,1.0,"{'criterion': 'friedman_mse', 'learning_rate': 0.2, 'loss': 'exponential', 'max_depth': 5, 'max_features': 'sqrt', 'n_estimators': 10, 'subsample': 1.0}",,,,,,,,,209
0.018859704335530598,0.0009955344388391369,0.0,0.0,friedman_mse,0.2,exponential,8,log2,10,0.85,"{'criterion': 'friedman_mse', 'learning_rate': 0.2, 'loss': 'exponential', 'max_depth': 8, 'max_features': 'log2', 'n_estimators': 10, 'subsample': 0.85}",,,,,,,,,210
0.018811464309692383,0.002299666867158811,0.0,0.0,friedman_mse,0.2,exponential,8,log2,10,0.9,"{'criterion': 'friedman_mse', 'learning_rate': 0.2, 'loss': 'exponential', 'max_depth': 8, 'max_features': 'log2', 'n_estimators': 10, 'subsample': 0.9}",,,,,,,,,211
0.018891016642252605,0.0004455737219159773,0.0,0.0,friedman_mse,0.2,exponential,8,log2,10,0.95,"{'criterion': 'friedman_mse', 'learning_rate': 0.2, 'loss': 'exponential', 'max_depth': 8, 'max_features': 'log2', 'n_estimators': 10, 'subsample': 0.95}",,,,,,,,,212
0.0190122127532959,0.0002959817264083184,0.0,0.0,friedman_mse,0.2,exponential,8,log2,10,1.0,"{'criterion': 'friedman_mse', 'learning_rate': 0.2, 'loss': 'exponential', 'max_depth': 8, 'max_features': 'log2', 'n_estimators': 10, 'subsample': 1.0}",,,,,,,,,213
0.018880446751912434,0.0003056778994853657,0.0,0.0,friedman_mse,0.2,exponential,5,log2,10,0.95,"{'criterion': 'friedman_mse', 'learning_rate': 0.2, 'loss': 'exponential', 'max_depth': 5, 'max_features': 'log2', 'n_estimators': 10, 'subsample': 0.95}",,,,,,,,,214
0.01907344659169515,0.00023860842047583432,0.0,0.0,friedman_mse,0.2,exponential,8,sqrt,10,0.85,"{'criterion': 'friedman_mse', 'learning_rate': 0.2, 'loss': 'exponential', 'max_depth': 8, 'max_features': 'sqrt', 'n_estimators': 10, 'subsample': 0.85}",,,,,,,,,215
0.019478559494018555,0.0010458872428952062,0.0,0.0,friedman_mse,0.1,exponential,8,sqrt,10,0.95,"{'criterion': 'friedman_mse', 'learning_rate': 0.1, 'loss': 'exponential', 'max_depth': 8, 'max_features': 'sqrt', 'n_estimators': 10, 'subsample': 0.95}",,,,,,,,,216
0.020165363947550457,0.0009728234808079393,0.0,0.0,friedman_mse,0.1,exponential,8,sqrt,10,0.85,"{'criterion': 'friedman_mse', 'learning_rate': 0.1, 'loss': 'exponential', 'max_depth': 8, 'max_features': 'sqrt', 'n_estimators': 10, 'subsample': 0.85}",,,,,,,,,217
0.019357999165852863,0.0003414181986516318,0.0,0.0,friedman_mse,0.1,exponential,3,log2,10,0.85,"{'criterion': 'friedman_mse', 'learning_rate': 0.1, 'loss': 'exponential', 'max_depth': 3, 'max_features': 'log2', 'n_estimators': 10, 'subsample': 0.85}",,,,,,,,,218
0.019223769505818684,0.0002262668800378828,0.0,0.0,friedman_mse,0.1,exponential,3,log2,10,0.9,"{'criterion': 'friedman_mse', 'learning_rate': 0.1, 'loss': 'exponential', 'max_depth': 3, 'max_features': 'log2', 'n_estimators': 10, 'subsample': 0.9}",,,,,,,,,219
0.018731196721394856,0.0005796323370365717,0.0,0.0,friedman_mse,0.1,exponential,3,log2,10,0.95,"{'criterion': 'friedman_mse', 'learning_rate': 0.1, 'loss': 'exponential', 'max_depth': 3, 'max_features': 'log2', 'n_estimators': 10, 'subsample': 0.95}",,,,,,,,,220
0.01924443244934082,0.00029157074857351774,0.0,0.0,friedman_mse,0.1,exponential,3,log2,10,1.0,"{'criterion': 'friedman_mse', 'learning_rate': 0.1, 'loss': 'exponential', 'max_depth': 3, 'max_features': 'log2', 'n_estimators': 10, 'subsample': 1.0}",,,,,,,,,221
0.019581198692321777,0.0004953466539686648,0.0,0.0,friedman_mse,0.1,exponential,3,sqrt,10,0.85,"{'criterion': 'friedman_mse', 'learning_rate': 0.1, 'loss': 'exponential', 'max_depth': 3, 'max_features': 'sqrt', 'n_estimators': 10, 'subsample': 0.85}",,,,,,,,,222
0.01920326550801595,0.0010417704626107167,0.0,0.0,friedman_mse,0.1,exponential,3,sqrt,10,0.9,"{'criterion': 'friedman_mse', 'learning_rate': 0.1, 'loss': 'exponential', 'max_depth': 3, 'max_features': 'sqrt', 'n_estimators': 10, 'subsample': 0.9}",,,,,,,,,223
0.01979716618855794,0.001137528752366877,0.0,0.0,friedman_mse,0.1,exponential,3,sqrt,10,0.95,"{'criterion': 'friedman_mse', 'learning_rate': 0.1, 'loss': 'exponential', 'max_depth': 3, 'max_features': 'sqrt', 'n_estimators': 10, 'subsample': 0.95}",,,,,,,,,224
0.01996433734893799,0.0006367900304357905,0.0,0.0,friedman_mse,0.1,exponential,3,sqrt,10,1.0,"{'criterion': 'friedman_mse', 'learning_rate': 0.1, 'loss': 'exponential', 'max_depth': 3, 'max_features': 'sqrt', 'n_estimators': 10, 'subsample': 1.0}",,,,,,,,,225
0.01791560649871826,0.0007792685484224736,0.0,0.0,friedman_mse,0.1,exponential,5,log2,10,0.85,"{'criterion': 'friedman_mse', 'learning_rate': 0.1, 'loss': 'exponential', 'max_depth': 5, 'max_features': 'log2', 'n_estimators': 10, 'subsample': 0.85}",,,,,,,,,226
0.01993076006571452,0.0008264176257644547,0.0,0.0,friedman_mse,0.1,exponential,8,sqrt,10,0.9,"{'criterion': 'friedman_mse', 'learning_rate': 0.1, 'loss': 'exponential', 'max_depth': 8, 'max_features': 'sqrt', 'n_estimators': 10, 'subsample': 0.9}",,,,,,,,,227
0.01863892873128255,0.0009815334202274177,0.0,0.0,friedman_mse,0.1,exponential,5,log2,10,0.9,"{'criterion': 'friedman_mse', 'learning_rate': 0.1, 'loss': 'exponential', 'max_depth': 5, 'max_features': 'log2', 'n_estimators': 10, 'subsample': 0.9}",,,,,,,,,228
0.01950216293334961,0.0008695390666919624,0.0,0.0,friedman_mse,0.1,exponential,5,log2,10,1.0,"{'criterion': 'friedman_mse', 'learning_rate': 0.1, 'loss': 'exponential', 'max_depth': 5, 'max_features': 'log2', 'n_estimators': 10, 'subsample': 1.0}",,,,,,,,,229
0.019474307696024578,0.0007941267327331044,0.0,0.0,friedman_mse,0.1,exponential,5,sqrt,10,0.85,"{'criterion': 'friedman_mse', 'learning_rate': 0.1, 'loss': 'exponential', 'max_depth': 5, 'max_features': 'sqrt', 'n_estimators': 10, 'subsample': 0.85}",,,,,,,,,230
0.018384734789530437,0.0010692084327368267,0.0,0.0,friedman_mse,0.1,exponential,5,sqrt,10,0.9,"{'criterion': 'friedman_mse', 'learning_rate': 0.1, 'loss': 'exponential', 'max_depth': 5, 'max_features': 'sqrt', 'n_estimators': 10, 'subsample': 0.9}",,,,,,,,,231
0.019139885902404785,0.0016840133202803416,0.0,0.0,friedman_mse,0.1,exponential,5,sqrt,10,0.95,"{'criterion': 'friedman_mse', 'learning_rate': 0.1, 'loss': 'exponential', 'max_depth': 5, 'max_features': 'sqrt', 'n_estimators': 10, 'subsample': 0.95}",,,,,,,,,232
0.018977999687194824,0.0007823295765130694,0.0,0.0,friedman_mse,0.1,exponential,5,sqrt,10,1.0,"{'criterion': 'friedman_mse', 'learning_rate': 0.1, 'loss': 'exponential', 'max_depth': 5, 'max_features': 'sqrt', 'n_estimators': 10, 'subsample': 1.0}",,,,,,,,,233
0.018280585606892902,0.0010108326353261672,0.0,0.0,friedman_mse,0.1,exponential,8,log2,10,0.85,"{'criterion': 'friedman_mse', 'learning_rate': 0.1, 'loss': 'exponential', 'max_depth': 8, 'max_features': 'log2', 'n_estimators': 10, 'subsample': 0.85}",,,,,,,,,234
0.019657691319783527,0.0009373498897250049,0.0,0.0,friedman_mse,0.1,exponential,8,log2,10,0.9,"{'criterion': 'friedman_mse', 'learning_rate': 0.1, 'loss': 'exponential', 'max_depth': 8, 'max_features': 'log2', 'n_estimators': 10, 'subsample': 0.9}",,,,,,,,,235
0.021408836046854656,0.003687775314482955,0.0,0.0,friedman_mse,0.1,exponential,8,log2,10,0.95,"{'criterion': 'friedman_mse', 'learning_rate': 0.1, 'loss': 'exponential', 'max_depth': 8, 'max_features': 'log2', 'n_estimators': 10, 'subsample': 0.95}",,,,,,,,,236
0.020096977551778156,0.002223551615178989,0.0,0.0,friedman_mse,0.1,exponential,8,log2,10,1.0,"{'criterion': 'friedman_mse', 'learning_rate': 0.1, 'loss': 'exponential', 'max_depth': 8, 'max_features': 'log2', 'n_estimators': 10, 'subsample': 1.0}",,,,,,,,,237
0.01917155583699544,0.0008637464934258398,0.0,0.0,friedman_mse,0.1,exponential,5,log2,10,0.95,"{'criterion': 'friedman_mse', 'learning_rate': 0.1, 'loss': 'exponential', 'max_depth': 5, 'max_features': 'log2', 'n_estimators': 10, 'subsample': 0.95}",,,,,,,,,238
0.019117991129557293,0.0001840747727514979,0.0,0.0,friedman_mse,0.2,exponential,8,sqrt,10,0.9,"{'criterion': 'friedman_mse', 'learning_rate': 0.2, 'loss': 'exponential', 'max_depth': 8, 'max_features': 'sqrt', 'n_estimators': 10, 'subsample': 0.9}",,,,,,,,,239
0.020172516504923504,0.003030784328602955,0.0,0.0,friedman_mse,0.2,exponential,8,sqrt,10,0.95,"{'criterion': 'friedman_mse', 'learning_rate': 0.2, 'loss': 'exponential', 'max_depth': 8, 'max_features': 'sqrt', 'n_estimators': 10, 'subsample': 0.95}",,,,,,,,,240
0.017879128456115723,0.000695026086927642,0.0,0.0,friedman_mse,0.2,exponential,8,sqrt,10,1.0,"{'criterion': 'friedman_mse', 'learning_rate': 0.2, 'loss': 'exponential', 'max_depth': 8, 'max_features': 'sqrt', 'n_estimators': 10, 'subsample': 1.0}",,,,,,,,,241
0.01843873659769694,0.0003159990609343238,0.0,0.0,mae,0.1,exponential,3,log2,10,0.9,"{'criterion': 'mae', 'learning_rate': 0.1, 'loss': 'exponential', 'max_depth': 3, 'max_features': 'log2', 'n_estimators': 10, 'subsample': 0.9}",,,,,,,,,242
0.01845399538675944,0.0002872269653764751,0.0,0.0,mae,0.1,exponential,3,log2,10,0.95,"{'criterion': 'mae', 'learning_rate': 0.1, 'loss': 'exponential', 'max_depth': 3, 'max_features': 'log2', 'n_estimators': 10, 'subsample': 0.95}",,,,,,,,,243
0.018062869707743328,0.0005922406993824786,0.0,0.0,mae,0.1,exponential,3,log2,10,1.0,"{'criterion': 'mae', 'learning_rate': 0.1, 'loss': 'exponential', 'max_depth': 3, 'max_features': 'log2', 'n_estimators': 10, 'subsample': 1.0}",,,,,,,,,244
0.01846754550933838,0.00021676797943681727,0.0,0.0,mae,0.1,exponential,3,sqrt,10,0.85,"{'criterion': 'mae', 'learning_rate': 0.1, 'loss': 'exponential', 'max_depth': 3, 'max_features': 'sqrt', 'n_estimators': 10, 'subsample': 0.85}",,,,,,,,,245
0.01839613914489746,0.00030240881997873866,0.0,0.0,mae,0.1,exponential,3,sqrt,10,0.9,"{'criterion': 'mae', 'learning_rate': 0.1, 'loss': 'exponential', 'max_depth': 3, 'max_features': 'sqrt', 'n_estimators': 10, 'subsample': 0.9}",,,,,,,,,246
0.01857006549835205,0.00023049223259370355,0.0,0.0,mae,0.1,exponential,3,sqrt,10,0.95,"{'criterion': 'mae', 'learning_rate': 0.1, 'loss': 'exponential', 'max_depth': 3, 'max_features': 'sqrt', 'n_estimators': 10, 'subsample': 0.95}",,,,,,,,,247
0.0187150239944458,0.0005999010972794578,0.0,0.0,mae,0.1,exponential,3,sqrt,10,1.0,"{'criterion': 'mae', 'learning_rate': 0.1, 'loss': 'exponential', 'max_depth': 3, 'max_features': 'sqrt', 'n_estimators': 10, 'subsample': 1.0}",,,,,,,,,248
0.01897307236989339,0.00019229560383479712,0.0,0.0,mae,0.1,exponential,5,log2,10,0.85,"{'criterion': 'mae', 'learning_rate': 0.1, 'loss': 'exponential', 'max_depth': 5, 'max_features': 'log2', 'n_estimators': 10, 'subsample': 0.85}",,,,,,,,,249
0.019014636675516765,0.00018124743973433274,0.0,0.0,mae,0.1,exponential,5,log2,10,0.9,"{'criterion': 'mae', 'learning_rate': 0.1, 'loss': 'exponential', 'max_depth': 5, 'max_features': 'log2', 'n_estimators': 10, 'subsample': 0.9}",,,,,,,,,250
0.02080229918162028,0.0052924029314653865,0.0,0.0,mae,0.1,exponential,3,log2,10,0.85,"{'criterion': 'mae', 'learning_rate': 0.1, 'loss': 'exponential', 'max_depth': 3, 'max_features': 'log2', 'n_estimators': 10, 'subsample': 0.85}",,,,,,,,,251
0.018894155820210774,0.0001540781438106679,0.0,0.0,mae,0.1,exponential,5,log2,10,0.95,"{'criterion': 'mae', 'learning_rate': 0.1, 'loss': 'exponential', 'max_depth': 5, 'max_features': 'log2', 'n_estimators': 10, 'subsample': 0.95}",,,,,,,,,252
0.018903056780497234,0.00013676573185430698,0.0,0.0,mae,0.1,exponential,5,sqrt,10,0.85,"{'criterion': 'mae', 'learning_rate': 0.1, 'loss': 'exponential', 'max_depth': 5, 'max_features': 'sqrt', 'n_estimators': 10, 'subsample': 0.85}",,,,,,,,,253
0.018835584322611492,0.00015439650540127536,0.0,0.0,mae,0.1,exponential,5,sqrt,10,0.9,"{'criterion': 'mae', 'learning_rate': 0.1, 'loss': 'exponential', 'max_depth': 5, 'max_features': 'sqrt', 'n_estimators': 10, 'subsample': 0.9}",,,,,,,,,254
0.018822113672892254,0.00015414817770072163,0.0,0.0,mae,0.1,exponential,5,sqrt,10,0.95,"{'criterion': 'mae', 'learning_rate': 0.1, 'loss': 'exponential', 'max_depth': 5, 'max_features': 'sqrt', 'n_estimators': 10, 'subsample': 0.95}",,,,,,,,,255
0.01878523826599121,0.0003682444225399453,0.0,0.0,mae,0.1,exponential,5,sqrt,10,1.0,"{'criterion': 'mae', 'learning_rate': 0.1, 'loss': 'exponential', 'max_depth': 5, 'max_features': 'sqrt', 'n_estimators': 10, 'subsample': 1.0}",,,,,,,,,256
0.018865068753560383,8.284046911822781e-05,0.0,0.0,mae,0.1,exponential,8,log2,10,0.85,"{'criterion': 'mae', 'learning_rate': 0.1, 'loss': 'exponential', 'max_depth': 8, 'max_features': 'log2', 'n_estimators': 10, 'subsample': 0.85}",,,,,,,,,257
0.01878635088602702,0.00015233328226981114,0.0,0.0,mae,0.1,exponential,8,log2,10,0.9,"{'criterion': 'mae', 'learning_rate': 0.1, 'loss': 'exponential', 'max_depth': 8, 'max_features': 'log2', 'n_estimators': 10, 'subsample': 0.9}",,,,,,,,,258
0.01866590976715088,0.00021763484466249197,0.0,0.0,mae,0.1,exponential,8,log2,10,0.95,"{'criterion': 'mae', 'learning_rate': 0.1, 'loss': 'exponential', 'max_depth': 8, 'max_features': 'log2', 'n_estimators': 10, 'subsample': 0.95}",,,,,,,,,259
0.01867850621541341,0.0005096765567663037,0.0,0.0,mae,0.1,exponential,8,log2,10,1.0,"{'criterion': 'mae', 'learning_rate': 0.1, 'loss': 'exponential', 'max_depth': 8, 'max_features': 'log2', 'n_estimators': 10, 'subsample': 1.0}",,,,,,,,,260
0.019046545028686523,0.00018263164033063085,0.0,0.0,mae,0.1,exponential,8,sqrt,10,0.85,"{'criterion': 'mae', 'learning_rate': 0.1, 'loss': 'exponential', 'max_depth': 8, 'max_features': 'sqrt', 'n_estimators': 10, 'subsample': 0.85}",,,,,,,,,261
0.018812060356140137,0.00018816783889346838,0.0,0.0,mae,0.1,exponential,5,log2,10,1.0,"{'criterion': 'mae', 'learning_rate': 0.1, 'loss': 'exponential', 'max_depth': 5, 'max_features': 'log2', 'n_estimators': 10, 'subsample': 1.0}",,,,,,,,,262
0.019074002901713055,0.000297411526650663,0.0,0.0,mae,1,exponential,8,sqrt,10,0.95,"{'criterion': 'mae', 'learning_rate': 1, 'loss': 'exponential', 'max_depth': 8, 'max_features': 'sqrt', 'n_estimators': 10, 'subsample': 0.95}",,,,,,,,,263
0.022435665130615234,0.006654837922993637,0.0,0.0,friedman_mse,1,exponential,8,sqrt,10,0.95,"{'criterion': 'friedman_mse', 'learning_rate': 1, 'loss': 'exponential', 'max_depth': 8, 'max_features': 'sqrt', 'n_estimators': 10, 'subsample': 0.95}",,,,,,,,,264
0.018650213877360027,0.0010600353205190793,0.0,0.0,friedman_mse,1,exponential,8,sqrt,10,0.9,"{'criterion': 'friedman_mse', 'learning_rate': 1, 'loss': 'exponential', 'max_depth': 8, 'max_features': 'sqrt', 'n_estimators': 10, 'subsample': 0.9}",,,,,,,,,265
0.019149144490559895,0.0005835143880070985,0.0,0.0,friedman_mse,1,exponential,3,log2,10,0.85,"{'criterion': 'friedman_mse', 'learning_rate': 1, 'loss': 'exponential', 'max_depth': 3, 'max_features': 'log2', 'n_estimators': 10, 'subsample': 0.85}",,,,,,,,,266
0.019289930661519367,0.00031661644446461646,0.0,0.0,friedman_mse,1,exponential,3,log2,10,0.9,"{'criterion': 'friedman_mse', 'learning_rate': 1, 'loss': 'exponential', 'max_depth': 3, 'max_features': 'log2', 'n_estimators': 10, 'subsample': 0.9}",,,,,,,,,267
0.01872551441192627,0.0005592472851536129,0.0,0.0,friedman_mse,1,exponential,3,log2,10,0.95,"{'criterion': 'friedman_mse', 'learning_rate': 1, 'loss': 'exponential', 'max_depth': 3, 'max_features': 'log2', 'n_estimators': 10, 'subsample': 0.95}",,,,,,,,,268
0.01918959617614746,0.00023541312545373184,0.0,0.0,friedman_mse,1,exponential,3,log2,10,1.0,"{'criterion': 'friedman_mse', 'learning_rate': 1, 'loss': 'exponential', 'max_depth': 3, 'max_features': 'log2', 'n_estimators': 10, 'subsample': 1.0}",,,,,,,,,269
0.01903863747914632,0.00020185473152426698,0.0,0.0,friedman_mse,1,exponential,3,sqrt,10,0.85,"{'criterion': 'friedman_mse', 'learning_rate': 1, 'loss': 'exponential', 'max_depth': 3, 'max_features': 'sqrt', 'n_estimators': 10, 'subsample': 0.85}",,,,,,,,,270
0.01912526289621989,0.00018222456500508626,0.0,0.0,friedman_mse,1,exponential,3,sqrt,10,0.9,"{'criterion': 'friedman_mse', 'learning_rate': 1, 'loss': 'exponential', 'max_depth': 3, 'max_features': 'sqrt', 'n_estimators': 10, 'subsample': 0.9}",,,,,,,,,271
0.01899091402689616,0.00027352616442346953,0.0,0.0,friedman_mse,1,exponential,3,sqrt,10,0.95,"{'criterion': 'friedman_mse', 'learning_rate': 1, 'loss': 'exponential', 'max_depth': 3, 'max_features': 'sqrt', 'n_estimators': 10, 'subsample': 0.95}",,,,,,,,,272
0.018889586130777996,0.00029600933770497647,0.0,0.0,friedman_mse,1,exponential,3,sqrt,10,1.0,"{'criterion': 'friedman_mse', 'learning_rate': 1, 'loss': 'exponential', 'max_depth': 3, 'max_features': 'sqrt', 'n_estimators': 10, 'subsample': 1.0}",,,,,,,,,273
0.021411697069803875,0.004781260426942947,0.0,0.0,friedman_mse,1,exponential,5,log2,10,0.85,"{'criterion': 'friedman_mse', 'learning_rate': 1, 'loss': 'exponential', 'max_depth': 5, 'max_features': 'log2', 'n_estimators': 10, 'subsample': 0.85}",,,,,,,,,274
0.018964568773905437,0.002371862069862036,0.0,0.0,friedman_mse,1,exponential,5,log2,10,0.9,"{'criterion': 'friedman_mse', 'learning_rate': 1, 'loss': 'exponential', 'max_depth': 5, 'max_features': 'log2', 'n_estimators': 10, 'subsample': 0.9}",,,,,,,,,275
0.017890214920043945,0.000460645323575102,0.0,0.0,friedman_mse,1,exponential,5,log2,10,0.95,"{'criterion': 'friedman_mse', 'learning_rate': 1, 'loss': 'exponential', 'max_depth': 5, 'max_features': 'log2', 'n_estimators': 10, 'subsample': 0.95}",,,,,,,,,276
0.01803445816040039,0.0010865771217893256,0.0,0.0,friedman_mse,1,exponential,5,log2,10,1.0,"{'criterion': 'friedman_mse', 'learning_rate': 1, 'loss': 'exponential', 'max_depth': 5, 'max_features': 'log2', 'n_estimators': 10, 'subsample': 1.0}",,,,,,,,,277
0.01857157548268636,0.0011710044259910458,0.0,0.0,friedman_mse,1,exponential,5,sqrt,10,0.85,"{'criterion': 'friedman_mse', 'learning_rate': 1, 'loss': 'exponential', 'max_depth': 5, 'max_features': 'sqrt', 'n_estimators': 10, 'subsample': 0.85}",,,,,,,,,278
0.01834408442179362,0.0010308479161596556,0.0,0.0,friedman_mse,1,exponential,5,sqrt,10,0.9,"{'criterion': 'friedman_mse', 'learning_rate': 1, 'loss': 'exponential', 'max_depth': 5, 'max_features': 'sqrt', 'n_estimators': 10, 'subsample': 0.9}",,,,,,,,,279
0.018180290857950848,0.0011267500080164796,0.0,0.0,friedman_mse,1,exponential,5,sqrt,10,0.95,"{'criterion': 'friedman_mse', 'learning_rate': 1, 'loss': 'exponential', 'max_depth': 5, 'max_features': 'sqrt', 'n_estimators': 10, 'subsample': 0.95}",,,,,,,,,280
0.01734336217244466,0.0007846820364433421,0.0,0.0,friedman_mse,1,exponential,5,sqrt,10,1.0,"{'criterion': 'friedman_mse', 'learning_rate': 1, 'loss': 'exponential', 'max_depth': 5, 'max_features': 'sqrt', 'n_estimators': 10, 'subsample': 1.0}",,,,,,,,,281
0.025260448455810547,0.0101940152429693,0.0,0.0,friedman_mse,1,exponential,8,log2,10,0.85,"{'criterion': 'friedman_mse', 'learning_rate': 1, 'loss': 'exponential', 'max_depth': 8, 'max_features': 'log2', 'n_estimators': 10, 'subsample': 0.85}",,,,,,,,,282
0.01931166648864746,0.0009913342931641919,0.0,0.0,friedman_mse,1,exponential,8,log2,10,0.9,"{'criterion': 'friedman_mse', 'learning_rate': 1, 'loss': 'exponential', 'max_depth': 8, 'max_features': 'log2', 'n_estimators': 10, 'subsample': 0.9}",,,,,,,,,283
0.018745024998982746,0.0007539175944399109,0.0,0.0,friedman_mse,1,exponential,8,log2,10,0.95,"{'criterion': 'friedman_mse', 'learning_rate': 1, 'loss': 'exponential', 'max_depth': 8, 'max_features': 'log2', 'n_estimators': 10, 'subsample': 0.95}",,,,,,,,,284
0.018996914227803547,0.0006843035135634371,0.0,0.0,friedman_mse,1,exponential,8,log2,10,1.0,"{'criterion': 'friedman_mse', 'learning_rate': 1, 'loss': 'exponential', 'max_depth': 8, 'max_features': 'log2', 'n_estimators': 10, 'subsample': 1.0}",,,,,,,,,285
0.0195162296295166,0.001768766030337714,0.0,0.0,friedman_mse,1,exponential,8,sqrt,10,0.85,"{'criterion': 'friedman_mse', 'learning_rate': 1, 'loss': 'exponential', 'max_depth': 8, 'max_features': 'sqrt', 'n_estimators': 10, 'subsample': 0.85}",,,,,,,,,286
0.01906895637512207,0.00014742881660455577,0.0,0.0,mae,0.1,exponential,8,sqrt,10,0.95,"{'criterion': 'mae', 'learning_rate': 0.1, 'loss': 'exponential', 'max_depth': 8, 'max_features': 'sqrt', 'n_estimators': 10, 'subsample': 0.95}",,,,,,,,,287
0.018967469533284504,0.0001200591364967197,0.0,0.0,mae,1,exponential,8,sqrt,10,1.0,"{'criterion': 'mae', 'learning_rate': 1, 'loss': 'exponential', 'max_depth': 8, 'max_features': 'sqrt', 'n_estimators': 10, 'subsample': 1.0}",,,,,,,,,288
