mean_fit_time,std_fit_time,mean_score_time,std_score_time,param_C,param_multi_class,param_penalty,param_solver,params,split0_test_score,split1_test_score,split2_test_score,split3_test_score,split4_test_score,split5_test_score,split6_test_score,split7_test_score,split8_test_score,split9_test_score,split10_test_score,split11_test_score,split12_test_score,split13_test_score,split14_test_score,mean_test_score,std_test_score,rank_test_score
13.79336166381836,2.8408350278826435,0.058777236938476564,0.0034927194301559404,10,ovr,l2,newton-cg,"{'C': 10, 'multi_class': 'ovr', 'penalty': 'l2', 'solver': 'newton-cg'}",0.998869261534761,0.9990315765462935,0.9989869774493897,0.9988366175516041,0.9989371404159273,0.9989385155761058,0.9986040704563163,0.9985011467486353,0.9993742986389907,0.9985873267490456,0.9984309144921844,0.9994661178966936,0.9993475097689082,0.9987157303730978,0.9991563733061557,0.9989189051669405,0.00030953746692169334,1
21.24047541618347,3.3143047664957987,0.059645430246988936,0.0031174926346516033,100,ovr,l2,newton-cg,"{'C': 100, 'multi_class': 'ovr', 'penalty': 'l2', 'solver': 'newton-cg'}",0.9990823396284801,0.9991846649644138,0.9986813900928253,0.9990196887935332,0.9987317048766888,0.9991073658717837,0.9990461194654043,0.9985642733643612,0.9991804107212185,0.9984290883398812,0.9971542163906685,0.9995559159109961,0.9994774885332778,0.9988220112166305,0.9987097512361668,0.998849761960422,0.0005476051316169093,2
23.444128672281902,2.652687352445129,0.059092410405476886,0.0024209064643438685,150,ovr,l2,newton-cg,"{'C': 150, 'multi_class': 'ovr', 'penalty': 'l2', 'solver': 'newton-cg'}",0.9990821503762948,0.9991460168357233,0.9986069129044275,0.9990053785246561,0.9986974923987099,0.9991433101783331,0.9990900207087401,0.9985573673801038,0.9989448310756333,0.9984425503794725,0.9971381657039666,0.9995560767408896,0.9994469097255891,0.9987329424880922,0.9986937719751486,0.9988189264930519,0.0005453526925046185,3
4.07420064608256,0.5780321811793171,0.054874547322591144,0.005458760864248562,10,ovr,l2,lbfgs,"{'C': 10, 'multi_class': 'ovr', 'penalty': 'l2', 'solver': 'lbfgs'}",0.9988011266316843,0.9987229527888678,0.9988671542795771,0.9986869810765338,0.9988375796367348,0.9988187993631119,0.9984895465962695,0.9983319059306963,0.9991114674377195,0.9986518308477402,0.9982581389235266,0.999418319732053,0.9993443673202369,0.9987212099294365,0.9988855249837207,0.9987964603651939,0.00031038133073067037,4
4.309700457255046,0.6347223200611223,0.056245072682698564,0.00604635642590929,100,ovr,l2,lbfgs,"{'C': 100, 'multi_class': 'ovr', 'penalty': 'l2', 'solver': 'lbfgs'}",0.9989285265307544,0.9986314739965234,0.999279716971064,0.9991347983278134,0.9989095785333705,0.9987764815396316,0.9988172244515198,0.9982858566305927,0.999153076476107,0.9980579062598804,0.9964941157970495,0.9994892651202225,0.9994357903336987,0.9985719400140655,0.9988036105700658,0.998717957436824,0.0007065023012131919,5
4.399952777226766,0.6268063783756026,0.055638964970906576,0.0057831589690624675,150,ovr,l2,lbfgs,"{'C': 150, 'multi_class': 'ovr', 'penalty': 'l2', 'solver': 'lbfgs'}",0.9989653878141439,0.9986272519496742,0.9991865366020731,0.9990896545583705,0.9986303143427,0.9987971437311595,0.998843827286478,0.9981183413304769,0.9991847176634312,0.9980845408605322,0.9964986185022706,0.9994797407032504,0.9992323434792066,0.998502638605291,0.9986885681183365,0.9986619750364929,0.0006931175057106028,6
4.613358783721924,0.2349495319378548,0.06173663139343262,0.004886119702581982,1,ovr,none,lbfgs,"{'C': 1, 'multi_class': 'ovr', 'penalty': 'none', 'solver': 'lbfgs'}",0.9988307294566645,0.9985194634080873,0.9987668286707752,0.99888911649009,0.9985348363578839,0.9983554392864671,0.998727788229357,0.9984175438130626,0.9991263907511236,0.9977737812760651,0.9962444788896908,0.9997943231406662,0.9990188225067872,0.9981940557989095,0.9990107179687919,0.9985469544029615,0.0007609693591601568,7
4.635891230901082,0.19358650493578522,0.06095606486002604,0.005061769419416571,100,ovr,none,lbfgs,"{'C': 100, 'multi_class': 'ovr', 'penalty': 'none', 'solver': 'lbfgs'}",0.9988307294566645,0.9985194634080873,0.9987668286707752,0.99888911649009,0.9985348363578839,0.9983554392864671,0.998727788229357,0.9984175438130626,0.9991263907511236,0.9977737812760651,0.9962444788896908,0.9997943231406662,0.9990188225067872,0.9981940557989095,0.9990107179687919,0.9985469544029615,0.0007609693591601568,7
4.66071925163269,0.16041424298093512,0.06011419296264649,0.003071485217042922,10,ovr,none,lbfgs,"{'C': 10, 'multi_class': 'ovr', 'penalty': 'none', 'solver': 'lbfgs'}",0.9988307294566645,0.9985194634080873,0.9987668286707752,0.99888911649009,0.9985348363578839,0.9983554392864671,0.998727788229357,0.9984175438130626,0.9991263907511236,0.9977737812760651,0.9962444788896908,0.9997943231406662,0.9990188225067872,0.9981940557989095,0.9990107179687919,0.9985469544029615,0.0007609693591601568,7
4.65010765393575,0.2726122739478211,0.06097189585367838,0.004208188754258392,150,ovr,none,lbfgs,"{'C': 150, 'multi_class': 'ovr', 'penalty': 'none', 'solver': 'lbfgs'}",0.9988307294566645,0.9985194634080873,0.9987668286707752,0.99888911649009,0.9985348363578839,0.9983554392864671,0.998727788229357,0.9984175438130626,0.9991263907511236,0.9977737812760651,0.9962444788896908,0.9997943231406662,0.9990188225067872,0.9981940557989095,0.9990107179687919,0.9985469544029615,0.0007609693591601568,7
4.595755592981974,0.17645444816408415,0.060306580861409505,0.002353860255128559,0.1,ovr,none,lbfgs,"{'C': 0.1, 'multi_class': 'ovr', 'penalty': 'none', 'solver': 'lbfgs'}",0.9988307294566645,0.9985194634080873,0.9987668286707752,0.99888911649009,0.9985348363578839,0.9983554392864671,0.998727788229357,0.9984175438130626,0.9991263907511236,0.9977737812760651,0.9962444788896908,0.9997943231406662,0.9990188225067872,0.9981940557989095,0.9990107179687919,0.9985469544029615,0.0007609693591601568,7
3.8526615460713702,0.4264989950545507,0.05494999885559082,0.0032254527957119414,1,ovr,l2,lbfgs,"{'C': 1, 'multi_class': 'ovr', 'penalty': 'l2', 'solver': 'lbfgs'}",0.9984007054498878,0.9976939514067495,0.9985960380484091,0.997956205052593,0.9976458414010679,0.9982477209814705,0.9980280218555118,0.9978191484609441,0.9986835115713569,0.9979278951288812,0.9982533582849644,0.998708644080357,0.9987444168595145,0.998332901451421,0.9977646768692117,0.9981868691268229,0.000371214784311908,12
8.656267801920572,2.3097216466942903,0.05919351577758789,0.004916942575384793,1,ovr,l2,newton-cg,"{'C': 1, 'multi_class': 'ovr', 'penalty': 'l2', 'solver': 'newton-cg'}",0.9983820879977177,0.9976961428117038,0.9985856875685245,0.9979745506767765,0.9976598226623828,0.9982151428598669,0.998048304409072,0.9978088026155023,0.9986989298942499,0.997840783689018,0.9982623218877912,0.998713988611113,0.9987390876258392,0.9983214443834836,0.9977859839840042,0.9981822054451365,0.0003717290854073747,13
50.75785228411357,7.320301860854129,0.05601239204406738,0.005849377816965251,100,ovr,none,newton-cg,"{'C': 100, 'multi_class': 'ovr', 'penalty': 'none', 'solver': 'newton-cg'}",0.9982928685777012,0.9985538073391416,0.9976101694375552,0.9986160725231329,0.9982002947248929,0.9985757524548584,0.998289830196231,0.9980478314731872,0.9977606676811174,0.9984221544577594,0.9966615539447117,0.9989599368543779,0.9988594069763519,0.9979284063441337,0.9978513616801414,0.9981753409776863,0.0005558734556634379,14
51.1490125020345,6.408793737083703,0.05736392339070638,0.006792843652702377,0.1,ovr,none,newton-cg,"{'C': 0.1, 'multi_class': 'ovr', 'penalty': 'none', 'solver': 'newton-cg'}",0.9982928685777012,0.9985538073391416,0.9976101694375552,0.9986160725231329,0.9982002947248929,0.9985757524548584,0.998289830196231,0.9980478314731872,0.9977606676811174,0.9984221544577594,0.9966615539447117,0.9989599368543779,0.9988594069763519,0.9979284063441337,0.9978513616801414,0.9981753409776863,0.0005558734556634379,14
51.280458545684816,7.219055697702548,0.05974605878194173,0.009052222351123572,150,ovr,none,newton-cg,"{'C': 150, 'multi_class': 'ovr', 'penalty': 'none', 'solver': 'newton-cg'}",0.9982928685777012,0.9985538073391416,0.9976101694375552,0.9986160725231329,0.9982002947248929,0.9985757524548584,0.998289830196231,0.9980478314731872,0.9977606676811174,0.9984221544577594,0.9966615539447117,0.9989599368543779,0.9988594069763519,0.9979284063441337,0.9978513616801414,0.9981753409776863,0.0005558734556634379,14
50.39986097017924,7.7409783976129924,0.05845591227213542,0.009921497080860705,1,ovr,none,newton-cg,"{'C': 1, 'multi_class': 'ovr', 'penalty': 'none', 'solver': 'newton-cg'}",0.9982928685777012,0.9985538073391416,0.9976101694375552,0.9986160725231329,0.9982002947248929,0.9985757524548584,0.998289830196231,0.9980478314731872,0.9977606676811174,0.9984221544577594,0.9966615539447117,0.9989599368543779,0.9988594069763519,0.9979284063441337,0.9978513616801414,0.9981753409776863,0.0005558734556634379,14
50.65255748430888,7.788457687949329,0.05591669082641602,0.006199418711015894,10,ovr,none,newton-cg,"{'C': 10, 'multi_class': 'ovr', 'penalty': 'none', 'solver': 'newton-cg'}",0.9982928685777012,0.9985538073391416,0.9976101694375552,0.9986160725231329,0.9982002947248929,0.9985757524548584,0.998289830196231,0.9980478314731872,0.9977606676811174,0.9984221544577594,0.9966615539447117,0.9989599368543779,0.9988594069763519,0.9979284063441337,0.9978513616801414,0.9981753409776863,0.0005558734556634379,14
8.76248278617859,1.383961990084142,0.05284835497538249,0.0037189934860336923,10,multinomial,l2,newton-cg,"{'C': 10, 'multi_class': 'multinomial', 'penalty': 'l2', 'solver': 'newton-cg'}",0.9987011837789698,0.9979898495499928,0.9982456060127844,0.9988128400568919,0.9973757575416361,0.9982105432419528,0.9976622307849116,0.9977827207484598,0.9993083747446843,0.9978487798333155,0.9957785175202902,0.9989347547919616,0.9986532278897338,0.9979025700819193,0.9984488247246421,0.998110385420143,0.0008085555078121428,19
8.83664231300354,1.3230900193174098,0.05237878163655599,0.004041581176545281,10,auto,l2,newton-cg,"{'C': 10, 'multi_class': 'auto', 'penalty': 'l2', 'solver': 'newton-cg'}",0.9987011837789698,0.9979898495499928,0.9982456060127844,0.9988128400568919,0.9973757575416361,0.9982105432419528,0.9976622307849116,0.9977827207484598,0.9993083747446843,0.9978487798333155,0.9957785175202902,0.9989347547919616,0.9986532278897338,0.9979025700819193,0.9984488247246421,0.998110385420143,0.0008085555078121428,19
15.19564323425293,2.061526608550737,0.05258272488911946,0.003946492238502827,100,auto,l2,newton-cg,"{'C': 100, 'multi_class': 'auto', 'penalty': 'l2', 'solver': 'newton-cg'}",0.9986943712405415,0.9975951364846551,0.9983013874534274,0.9987258640283295,0.9976337436871472,0.998268589263847,0.9977625376797,0.9979044746252841,0.9989844165222342,0.997264146814574,0.9957486665125025,0.9989667601350597,0.9983518078644013,0.9976823763965059,0.9983215685679893,0.9980137231517466,0.0007905481064202512,21
14.955268891652425,2.1922490217249386,0.05306879679361979,0.0038142012339858525,100,multinomial,l2,newton-cg,"{'C': 100, 'multi_class': 'multinomial', 'penalty': 'l2', 'solver': 'newton-cg'}",0.9986943712405415,0.9975951364846551,0.9983013874534274,0.9987258640283295,0.9976337436871472,0.998268589263847,0.9977625376797,0.9979044746252841,0.9989844165222342,0.997264146814574,0.9957486665125025,0.9989667601350597,0.9983518078644013,0.9976823763965059,0.9983215685679893,0.9980137231517466,0.0007905481064202512,21
16.479659875233967,2.640033878277008,0.053690862655639646,0.002891494420136066,150,auto,l2,newton-cg,"{'C': 150, 'multi_class': 'auto', 'penalty': 'l2', 'solver': 'newton-cg'}",0.998647266263576,0.9974172519751026,0.9982219152885501,0.9987097656377815,0.997528002830976,0.9981798373302538,0.9977394181350421,0.9980286964994047,0.9989279713051223,0.9972423633657634,0.9955055943347185,0.9989465704864907,0.9983168435873037,0.9977033923318874,0.9982685409900631,0.9979588953574691,0.0008336165145767297,23
16.29813184738159,2.8837810799062407,0.05283802350362142,0.004001593750198826,150,multinomial,l2,newton-cg,"{'C': 150, 'multi_class': 'multinomial', 'penalty': 'l2', 'solver': 'newton-cg'}",0.998647266263576,0.9974172519751026,0.9982219152885501,0.9987097656377815,0.997528002830976,0.9981798373302538,0.9977394181350421,0.9980286964994047,0.9989279713051223,0.9972423633657634,0.9955055943347185,0.9989465704864907,0.9983168435873037,0.9977033923318874,0.9982685409900631,0.9979588953574691,0.0008336165145767297,23
5.8384995301564535,0.8531135470531962,0.05325873692830404,0.00346523436684979,1,auto,l2,newton-cg,"{'C': 1, 'multi_class': 'auto', 'penalty': 'l2', 'solver': 'newton-cg'}",0.9984939740314829,0.9971533587439467,0.9984044669105788,0.998426947737801,0.996896041443508,0.9974422004019591,0.9968334887355679,0.9977114033992592,0.9990288484094156,0.9972819476803266,0.9964920191549806,0.9982246990610932,0.9979306881416445,0.9979239591148057,0.9978232244623862,0.9977378178285837,0.0006923370413643682,25
5.668479156494141,0.7502914257498696,0.05193554560343425,0.0028311345329802627,1,multinomial,l2,newton-cg,"{'C': 1, 'multi_class': 'multinomial', 'penalty': 'l2', 'solver': 'newton-cg'}",0.9984939740314829,0.9971533587439467,0.9984044669105788,0.998426947737801,0.996896041443508,0.9974422004019591,0.9968334887355679,0.9977114033992592,0.9990288484094156,0.9972819476803266,0.9964920191549806,0.9982246990610932,0.9979306881416445,0.9979239591148057,0.9978232244623862,0.9977378178285837,0.0006923370413643682,25
1.1844570477803549,0.027983130770176372,0.054200236002604166,0.0018651557428069718,100,auto,l2,lbfgs,"{'C': 100, 'multi_class': 'auto', 'penalty': 'l2', 'solver': 'lbfgs'}",0.9986413603028288,0.9973632712707445,0.9981098154808423,0.9983613537344022,0.9971251560315881,0.9975822449423772,0.997078643892084,0.9975227968324644,0.9988277220891838,0.9967443444106191,0.9960199700337192,0.9984079143812256,0.9979854250734146,0.9980609978646955,0.9981668399747325,0.9977331904209947,0.0007433509611259434,27
1.1759419918060303,0.037743984887885655,0.05356208483378092,0.002305031226639525,100,multinomial,l2,lbfgs,"{'C': 100, 'multi_class': 'multinomial', 'penalty': 'l2', 'solver': 'lbfgs'}",0.9986413603028288,0.9973632712707445,0.9981098154808423,0.9983613537344022,0.9971251560315881,0.9975822449423772,0.997078643892084,0.9975227968324644,0.9988277220891838,0.9967443444106191,0.9960199700337192,0.9984079143812256,0.9979854250734146,0.9980609978646955,0.9981668399747325,0.9977331904209947,0.0007433509611259434,27
1.1842955271402995,0.025985715678680455,0.053486839930216475,0.0013420661134007886,150,multinomial,none,lbfgs,"{'C': 150, 'multi_class': 'multinomial', 'penalty': 'none', 'solver': 'lbfgs'}",0.9987391305251228,0.9974548187972584,0.9977256066560785,0.9982775064954137,0.9970184344770809,0.9976641221010837,0.9972801842520482,0.9975156496200933,0.9987622171817435,0.996727446167012,0.9958426748472513,0.9983935643218883,0.9980373108403102,0.9980341121017713,0.9982172538313383,0.9977126688143664,0.0007591895972046412,29
1.1933129151662192,0.03369123148133913,0.05418009757995605,0.0010497285704177415,1,auto,none,lbfgs,"{'C': 1, 'multi_class': 'auto', 'penalty': 'none', 'solver': 'lbfgs'}",0.9987391305251228,0.9974548187972584,0.9977256066560785,0.9982775064954137,0.9970184344770809,0.9976641221010837,0.9972801842520482,0.9975156496200933,0.9987622171817435,0.996727446167012,0.9958426748472513,0.9983935643218883,0.9980373108403102,0.9980341121017713,0.9982172538313383,0.9977126688143664,0.0007591895972046412,29
1.195640500386556,0.033771913696607654,0.05359363555908203,0.0009251344955496644,100,multinomial,none,lbfgs,"{'C': 100, 'multi_class': 'multinomial', 'penalty': 'none', 'solver': 'lbfgs'}",0.9987391305251228,0.9974548187972584,0.9977256066560785,0.9982775064954137,0.9970184344770809,0.9976641221010837,0.9972801842520482,0.9975156496200933,0.9987622171817435,0.996727446167012,0.9958426748472513,0.9983935643218883,0.9980373108403102,0.9980341121017713,0.9982172538313383,0.9977126688143664,0.0007591895972046412,29
1.2052255312601725,0.03564418393414216,0.05442414283752441,0.0011092156784154336,150,auto,none,lbfgs,"{'C': 150, 'multi_class': 'auto', 'penalty': 'none', 'solver': 'lbfgs'}",0.9987391305251228,0.9974548187972584,0.9977256066560785,0.9982775064954137,0.9970184344770809,0.9976641221010837,0.9972801842520482,0.9975156496200933,0.9987622171817435,0.996727446167012,0.9958426748472513,0.9983935643218883,0.9980373108403102,0.9980341121017713,0.9982172538313383,0.9977126688143664,0.0007591895972046412,29
1.1937485535939534,0.040372601985744425,0.05413085619608561,0.0013437896013751807,100,auto,none,lbfgs,"{'C': 100, 'multi_class': 'auto', 'penalty': 'none', 'solver': 'lbfgs'}",0.9987391305251228,0.9974548187972584,0.9977256066560785,0.9982775064954137,0.9970184344770809,0.9976641221010837,0.9972801842520482,0.9975156496200933,0.9987622171817435,0.996727446167012,0.9958426748472513,0.9983935643218883,0.9980373108403102,0.9980341121017713,0.9982172538313383,0.9977126688143664,0.0007591895972046412,29
1.1940447807312011,0.03031964167950683,0.05434694290161133,0.001055010392539861,0.1,multinomial,none,lbfgs,"{'C': 0.1, 'multi_class': 'multinomial', 'penalty': 'none', 'solver': 'lbfgs'}",0.9987391305251228,0.9974548187972584,0.9977256066560785,0.9982775064954137,0.9970184344770809,0.9976641221010837,0.9972801842520482,0.9975156496200933,0.9987622171817435,0.996727446167012,0.9958426748472513,0.9983935643218883,0.9980373108403102,0.9980341121017713,0.9982172538313383,0.9977126688143664,0.0007591895972046412,29
1.2015719572703043,0.030460428659589187,0.05420352617899577,0.0009985877972624752,1,multinomial,none,lbfgs,"{'C': 1, 'multi_class': 'multinomial', 'penalty': 'none', 'solver': 'lbfgs'}",0.9987391305251228,0.9974548187972584,0.9977256066560785,0.9982775064954137,0.9970184344770809,0.9976641221010837,0.9972801842520482,0.9975156496200933,0.9987622171817435,0.996727446167012,0.9958426748472513,0.9983935643218883,0.9980373108403102,0.9980341121017713,0.9982172538313383,0.9977126688143664,0.0007591895972046412,29
1.1923729101816813,0.031424812960348,0.054598363240559895,0.0009175500730556597,10,auto,none,lbfgs,"{'C': 10, 'multi_class': 'auto', 'penalty': 'none', 'solver': 'lbfgs'}",0.9987391305251228,0.9974548187972584,0.9977256066560785,0.9982775064954137,0.9970184344770809,0.9976641221010837,0.9972801842520482,0.9975156496200933,0.9987622171817435,0.996727446167012,0.9958426748472513,0.9983935643218883,0.9980373108403102,0.9980341121017713,0.9982172538313383,0.9977126688143664,0.0007591895972046412,29
1.1928482850392659,0.03160299715519671,0.05421470006306966,0.0009639809676809407,0.1,auto,none,lbfgs,"{'C': 0.1, 'multi_class': 'auto', 'penalty': 'none', 'solver': 'lbfgs'}",0.9987391305251228,0.9974548187972584,0.9977256066560785,0.9982775064954137,0.9970184344770809,0.9976641221010837,0.9972801842520482,0.9975156496200933,0.9987622171817435,0.996727446167012,0.9958426748472513,0.9983935643218883,0.9980373108403102,0.9980341121017713,0.9982172538313383,0.9977126688143664,0.0007591895972046412,29
1.1989280541737874,0.03909579008827928,0.05399330457051595,0.001189321012231431,10,multinomial,none,lbfgs,"{'C': 10, 'multi_class': 'multinomial', 'penalty': 'none', 'solver': 'lbfgs'}",0.9987391305251228,0.9974548187972584,0.9977256066560785,0.9982775064954137,0.9970184344770809,0.9976641221010837,0.9972801842520482,0.9975156496200933,0.9987622171817435,0.996727446167012,0.9958426748472513,0.9983935643218883,0.9980373108403102,0.9980341121017713,0.9982172538313383,0.9977126688143664,0.0007591895972046412,29
1.1915637493133544,0.0373484243830334,0.053568585713704424,0.0028775423617477315,150,multinomial,l2,lbfgs,"{'C': 150, 'multi_class': 'multinomial', 'penalty': 'l2', 'solver': 'lbfgs'}",0.9987033941915548,0.9974548279118212,0.9978285106348249,0.997955838788158,0.9970734112947992,0.997507418120444,0.9970137431494397,0.9974650188665712,0.9987917089387199,0.9968197996305852,0.9959418819984845,0.9984194980212603,0.998061832535629,0.9980511962073135,0.9982888477026062,0.9976917951994809,0.0007429658723250378,39
1.1807255585988363,0.043435764710902075,0.05215449333190918,0.0037286689580729275,150,auto,l2,lbfgs,"{'C': 150, 'multi_class': 'auto', 'penalty': 'l2', 'solver': 'lbfgs'}",0.9987033941915548,0.9974548279118212,0.9978285106348249,0.997955838788158,0.9970734112947992,0.997507418120444,0.9970137431494397,0.9974650188665712,0.9987917089387199,0.9968197996305852,0.9959418819984845,0.9984194980212603,0.998061832535629,0.9980511962073135,0.9982888477026062,0.9976917951994809,0.0007429658723250378,39
1.1741319974263509,0.05845815979120691,0.05247165362040202,0.003491648893959158,10,multinomial,l2,lbfgs,"{'C': 10, 'multi_class': 'multinomial', 'penalty': 'l2', 'solver': 'lbfgs'}",0.9985511178154006,0.9973765504570802,0.9981642548554464,0.9978101983538548,0.9971383212503898,0.997554937460823,0.9968909704636095,0.9975166657369782,0.9986123195659593,0.9967393166249734,0.996276712869561,0.9984236202288124,0.997973568760101,0.9981414947605962,0.9980773528801216,0.9976831601389138,0.0006729970179452435,41
1.1807952721913655,0.046407461382463704,0.053094037373860675,0.002609825938221408,10,auto,l2,lbfgs,"{'C': 10, 'multi_class': 'auto', 'penalty': 'l2', 'solver': 'lbfgs'}",0.9985511178154006,0.9973765504570802,0.9981642548554464,0.9978101983538548,0.9971383212503898,0.997554937460823,0.9968909704636095,0.9975166657369782,0.9986123195659593,0.9967393166249734,0.996276712869561,0.9984236202288124,0.997973568760101,0.9981414947605962,0.9980773528801216,0.9976831601389138,0.0006729970179452435,41
1.156510877609253,0.04732658124935661,0.05128637949625651,0.003496968583090657,1,auto,l2,lbfgs,"{'C': 1, 'multi_class': 'auto', 'penalty': 'l2', 'solver': 'lbfgs'}",0.9982947109081074,0.9968977239438599,0.9982130381492951,0.9980420656256813,0.9967145688840351,0.9972250892545016,0.9966118049889097,0.9975534113340008,0.998514629686557,0.9963290480379057,0.9964559383281053,0.9981506097659875,0.9979104987146249,0.9980336547338959,0.997238559418701,0.9974790234516111,0.0007169281125574865,43
1.151903756459554,0.05636059884059134,0.051288477579752606,0.003904131334872406,1,multinomial,l2,lbfgs,"{'C': 1, 'multi_class': 'multinomial', 'penalty': 'l2', 'solver': 'lbfgs'}",0.9982947109081074,0.9968977239438599,0.9982130381492951,0.9980420656256813,0.9967145688840351,0.9972250892545016,0.9966118049889097,0.9975534113340008,0.998514629686557,0.9963290480379057,0.9964559383281053,0.9981506097659875,0.9979104987146249,0.9980336547338959,0.997238559418701,0.9974790234516111,0.0007169281125574865,43
22.515782642364503,3.9512747354427806,0.050975608825683597,0.004214558799961508,100,auto,none,newton-cg,"{'C': 100, 'multi_class': 'auto', 'penalty': 'none', 'solver': 'newton-cg'}",0.9982216921901579,0.996358365436372,0.996846485127107,0.9982392065043342,0.9976200015598866,0.9970477449289852,0.9974209105372196,0.9972576362222318,0.998515831005486,0.9970578285490148,0.9947676902614596,0.9986842986444181,0.9975372539943137,0.9975850030162775,0.9979334641567522,0.997406227475601,0.000939564461872967,45
22.377848466237385,4.1776098859884705,0.05238836606343587,0.003185499333884239,10,auto,none,newton-cg,"{'C': 10, 'multi_class': 'auto', 'penalty': 'none', 'solver': 'newton-cg'}",0.9982216921901579,0.996358365436372,0.996846485127107,0.9982392065043342,0.9976200015598866,0.9970477449289852,0.9974209105372196,0.9972576362222318,0.998515831005486,0.9970578285490148,0.9947676902614596,0.9986842986444181,0.9975372539943137,0.9975850030162775,0.9979334641567522,0.997406227475601,0.000939564461872967,45
22.464952675501504,3.936558670686158,0.05110718409220378,0.004206742338530454,100,multinomial,none,newton-cg,"{'C': 100, 'multi_class': 'multinomial', 'penalty': 'none', 'solver': 'newton-cg'}",0.9982216921901579,0.996358365436372,0.996846485127107,0.9982392065043342,0.9976200015598866,0.9970477449289852,0.9974209105372196,0.9972576362222318,0.998515831005486,0.9970578285490148,0.9947676902614596,0.9986842986444181,0.9975372539943137,0.9975850030162775,0.9979334641567522,0.997406227475601,0.000939564461872967,45
22.445862166086833,4.00989731850524,0.05112956364949544,0.004359868999802397,10,multinomial,none,newton-cg,"{'C': 10, 'multi_class': 'multinomial', 'penalty': 'none', 'solver': 'newton-cg'}",0.9982216921901579,0.996358365436372,0.996846485127107,0.9982392065043342,0.9976200015598866,0.9970477449289852,0.9974209105372196,0.9972576362222318,0.998515831005486,0.9970578285490148,0.9947676902614596,0.9986842986444181,0.9975372539943137,0.9975850030162775,0.9979334641567522,0.997406227475601,0.000939564461872967,45
22.278814268112182,4.189700487296726,0.05106077194213867,0.004361449607846619,1,auto,none,newton-cg,"{'C': 1, 'multi_class': 'auto', 'penalty': 'none', 'solver': 'newton-cg'}",0.9982216921901579,0.996358365436372,0.996846485127107,0.9982392065043342,0.9976200015598866,0.9970477449289852,0.9974209105372196,0.9972576362222318,0.998515831005486,0.9970578285490148,0.9947676902614596,0.9986842986444181,0.9975372539943137,0.9975850030162775,0.9979334641567522,0.997406227475601,0.000939564461872967,45
22.4041126092275,4.180323692470741,0.05106101036071777,0.00434917024617706,150,auto,none,newton-cg,"{'C': 150, 'multi_class': 'auto', 'penalty': 'none', 'solver': 'newton-cg'}",0.9982216921901579,0.996358365436372,0.996846485127107,0.9982392065043342,0.9976200015598866,0.9970477449289852,0.9974209105372196,0.9972576362222318,0.998515831005486,0.9970578285490148,0.9947676902614596,0.9986842986444181,0.9975372539943137,0.9975850030162775,0.9979334641567522,0.997406227475601,0.000939564461872967,45
22.315190521876016,4.076772604781407,0.05135815938313802,0.003710593237457274,1,multinomial,none,newton-cg,"{'C': 1, 'multi_class': 'multinomial', 'penalty': 'none', 'solver': 'newton-cg'}",0.9982216921901579,0.996358365436372,0.996846485127107,0.9982392065043342,0.9976200015598866,0.9970477449289852,0.9974209105372196,0.9972576362222318,0.998515831005486,0.9970578285490148,0.9947676902614596,0.9986842986444181,0.9975372539943137,0.9975850030162775,0.9979334641567522,0.997406227475601,0.000939564461872967,45
22.308494106928507,4.173957133567637,0.05095988909403483,0.004281634133065983,0.1,multinomial,none,newton-cg,"{'C': 0.1, 'multi_class': 'multinomial', 'penalty': 'none', 'solver': 'newton-cg'}",0.9982216921901579,0.996358365436372,0.996846485127107,0.9982392065043342,0.9976200015598866,0.9970477449289852,0.9974209105372196,0.9972576362222318,0.998515831005486,0.9970578285490148,0.9947676902614596,0.9986842986444181,0.9975372539943137,0.9975850030162775,0.9979334641567522,0.997406227475601,0.000939564461872967,45
22.423904355367025,4.009894004874087,0.051016012827555336,0.004193563817634239,150,multinomial,none,newton-cg,"{'C': 150, 'multi_class': 'multinomial', 'penalty': 'none', 'solver': 'newton-cg'}",0.9982216921901579,0.996358365436372,0.996846485127107,0.9982392065043342,0.9976200015598866,0.9970477449289852,0.9974209105372196,0.9972576362222318,0.998515831005486,0.9970578285490148,0.9947676902614596,0.9986842986444181,0.9975372539943137,0.9975850030162775,0.9979334641567522,0.997406227475601,0.000939564461872967,45
22.292668310801186,4.078098958438619,0.051157236099243164,0.004511394609938849,0.1,auto,none,newton-cg,"{'C': 0.1, 'multi_class': 'auto', 'penalty': 'none', 'solver': 'newton-cg'}",0.9982216921901579,0.996358365436372,0.996846485127107,0.9982392065043342,0.9976200015598866,0.9970477449289852,0.9974209105372196,0.9972576362222318,0.998515831005486,0.9970578285490148,0.9947676902614596,0.9986842986444181,0.9975372539943137,0.9975850030162775,0.9979334641567522,0.997406227475601,0.000939564461872967,45
3.561399221420288,0.5136759286789385,0.05252038637797038,0.004014883308399984,0.1,auto,l2,newton-cg,"{'C': 0.1, 'multi_class': 'auto', 'penalty': 'l2', 'solver': 'newton-cg'}",0.9973013600621184,0.9960044108321744,0.9973766732619982,0.9969736454350198,0.9962754501335487,0.9961192466222999,0.9963588832240683,0.996121388001914,0.9975160969049673,0.9951767630770625,0.9966755388022552,0.9973252919666313,0.997049610505824,0.9975080747520068,0.9959016716756824,0.9966456070171714,0.000687649671805599,55
3.4423486868540447,0.4662055016455636,0.05119129816691081,0.0031983433086537646,0.1,multinomial,l2,newton-cg,"{'C': 0.1, 'multi_class': 'multinomial', 'penalty': 'l2', 'solver': 'newton-cg'}",0.9973013600621184,0.9960044108321744,0.9973766732619982,0.9969736454350198,0.9962754501335487,0.9961192466222999,0.9963588832240683,0.996121388001914,0.9975160969049673,0.9951767630770625,0.9966755388022552,0.9973252919666313,0.997049610505824,0.9975080747520068,0.9959016716756824,0.9966456070171714,0.000687649671805599,55
1.1404197692871094,0.048817262487476955,0.052658335367838545,0.0062099126470699356,0.1,multinomial,l2,lbfgs,"{'C': 0.1, 'multi_class': 'multinomial', 'penalty': 'l2', 'solver': 'lbfgs'}",0.9972870681336788,0.9960209194606658,0.9973550981485537,0.9969741040544273,0.9962398374807453,0.9961375144446143,0.9963786926124371,0.9961457101276878,0.9975341616926876,0.9951401550266784,0.9965799610859035,0.9973172390399634,0.9970295856842576,0.9974976700778282,0.9958825135449112,0.9966346820410028,0.0006890683817608035,57
1.1425341447194417,0.06296793006054774,0.05094164212544759,0.0039095230836812865,0.1,auto,l2,lbfgs,"{'C': 0.1, 'multi_class': 'auto', 'penalty': 'l2', 'solver': 'lbfgs'}",0.9972870681336788,0.9960209194606658,0.9973550981485537,0.9969741040544273,0.9962398374807453,0.9961375144446143,0.9963786926124371,0.9961457101276878,0.9975341616926876,0.9951401550266784,0.9965799610859035,0.9973172390399634,0.9970295856842576,0.9974976700778282,0.9958825135449112,0.9966346820410028,0.0006890683817608035,57
2.9284759839375814,0.4068332959884332,0.050323979059855146,0.0061320137061791,0.1,ovr,l2,lbfgs,"{'C': 0.1, 'multi_class': 'ovr', 'penalty': 'l2', 'solver': 'lbfgs'}",0.9972787133446405,0.9954946752378742,0.9971551332563976,0.9963409923453815,0.99653529558822,0.9958183865910296,0.996366928567569,0.9957459567652374,0.9969695848024547,0.9952737663638143,0.9973113775813177,0.9972727522271667,0.9968996563750802,0.996535744033627,0.995830123332141,0.9964552724274633,0.00066748557345214,59
7.314517720540365,0.5511869846130307,0.06021227836608887,0.004784170873090286,0.1,ovr,l2,newton-cg,"{'C': 0.1, 'multi_class': 'ovr', 'penalty': 'l2', 'solver': 'newton-cg'}",0.9972783201978782,0.9954946404762021,0.9971547115019723,0.9963413377962466,0.9965342844582809,0.9958176574820129,0.9963674062471893,0.9957451905987249,0.9969703698039444,0.995272841074882,0.9973114652277497,0.9972728938622908,0.9968995067696454,0.996535230146411,0.9958298788439365,0.9964550489658245,0.000667684745559127,60
4.603966856002808,0.039699766059979186,0.04289820988972982,0.0008395839624861371,150,auto,l2,sag,"{'C': 150, 'multi_class': 'auto', 'penalty': 'l2', 'solver': 'sag'}",0.994056668885996,0.9940276697887074,0.9928794273903581,0.9931057372607983,0.9944527505587242,0.9925741186814298,0.9950816894339936,0.99190549000357,0.9933330420534368,0.9906124004691577,0.9935398708107197,0.9962621652121623,0.9941325831015835,0.9950506592540412,0.9915111824706928,0.9935016970250246,0.0014305097548252149,61
4.713202508290609,0.15489023847595057,0.04524887402852376,0.004836155220724665,10,auto,none,sag,"{'C': 10, 'multi_class': 'auto', 'penalty': 'none', 'solver': 'sag'}",0.9940470602101495,0.9940285504105028,0.9928441600245692,0.9931004887773666,0.9944539634901538,0.9925935281008741,0.9950783992204695,0.9919167377503582,0.9933416575627982,0.9905917815864094,0.9935333696255796,0.996262570063083,0.9941367788019981,0.9950520812987612,0.9915196667534539,0.9935000529117685,0.00143178335593682,62
4.602797937393189,0.05600632551056431,0.04289175669352214,0.0008784396726696851,10,auto,l2,sag,"{'C': 10, 'multi_class': 'auto', 'penalty': 'l2', 'solver': 'sag'}",0.9940475821926779,0.9940275646972848,0.9928561144681025,0.9931096266555158,0.9944539516082681,0.9926011417652962,0.9950747664687366,0.9918769236784264,0.9933426438671884,0.9906216141515254,0.9935375141079874,0.9962357289699761,0.9941325793479487,0.9950492576097151,0.9915196773183735,0.9934991124604682,0.0014258306327290609,63
4.6274091879526775,0.08516762236491701,0.04437572161356608,0.002455814517528486,150,multinomial,none,sag,"{'C': 150, 'multi_class': 'multinomial', 'penalty': 'none', 'solver': 'sag'}",0.994050158051013,0.9940330422378045,0.9928560521117081,0.9930928625853715,0.9944466777210741,0.9925940947781408,0.9950858255972787,0.9919034071081946,0.993334181277655,0.9906168571393209,0.9935422456044168,0.9962301714194405,0.9941315053534419,0.9950510068158952,0.9915145271469508,0.9934988409965139,0.0014257205210219657,64
4.656223805745443,0.14311867450971053,0.04410107930501302,0.0024892346123718914,100,multinomial,l2,sag,"{'C': 100, 'multi_class': 'multinomial', 'penalty': 'l2', 'solver': 'sag'}",0.9940473971292361,0.9940375544549825,0.9928523299150914,0.9931039073670938,0.9944581670887562,0.992600974888488,0.9950847302681008,0.991890511804044,0.9933378537214015,0.99060380879374,0.9935414873648316,0.9962105016517502,0.9941401861728,0.9950539840912429,0.9915156807302943,0.9934986050294569,0.001426372576612504,65
4.619344488779704,0.04955015925646524,0.04262569745381673,0.0009953242953267864,150,multinomial,l2,sag,"{'C': 150, 'multi_class': 'multinomial', 'penalty': 'l2', 'solver': 'sag'}",0.9940514073468142,0.9940297720217762,0.9928591868181982,0.9931086418658394,0.9944102376660098,0.9925958300937842,0.9950787129454263,0.9918896967363935,0.993337302272599,0.9906264201148481,0.9935443766049221,0.9962568900966609,0.9941257344918926,0.9950505125302005,0.9915133911656822,0.993498540851403,0.001426149544580202,66
4.634000460306804,0.08843849888566813,0.04352860450744629,0.001932031684132624,100,auto,none,sag,"{'C': 100, 'multi_class': 'auto', 'penalty': 'none', 'solver': 'sag'}",0.9940523923249487,0.994033045114889,0.9928466032848453,0.9930936712313271,0.9944555902327664,0.9925910673886216,0.9950802735083798,0.9919300219811376,0.9933405571847036,0.9906020452185869,0.993527826912174,0.9962093510010561,0.9941384117498722,0.9950440166935366,0.9915186420995985,0.9934975677284297,0.0014227878701060204,67
4.673398335774739,0.11572675373110024,0.04518256187438965,0.0048263950834114226,0.1,auto,none,sag,"{'C': 0.1, 'multi_class': 'auto', 'penalty': 'none', 'solver': 'sag'}",0.9940458694519118,0.9940362898345845,0.9928419739120591,0.9930987322385795,0.9944693869151914,0.9925995815449236,0.9950767987404099,0.9919140961053097,0.9933381670717762,0.9906151351984527,0.9935390377666817,0.9961891929885873,0.9941333479226733,0.9950413265668088,0.99151897496037,0.9934971940812215,0.0014192608685301904,68
4.642978636423747,0.08735604400946781,0.044362211227416994,0.0026165171707674593,1,auto,none,sag,"{'C': 1, 'multi_class': 'auto', 'penalty': 'none', 'solver': 'sag'}",0.9940497562161499,0.9940363951075172,0.9928404195306605,0.9931006639014791,0.9944607618203541,0.9925868194509144,0.9950789641668031,0.9919123047692517,0.993330899619395,0.9906132064098095,0.9935391660513396,0.9962139778728366,0.9941353973631998,0.9950351357029849,0.9915164324755585,0.9934966866972169,0.0014231294678790532,69
4.65619633992513,0.07981721148239494,0.042808183034261066,0.0010740888391082121,10,multinomial,l2,sag,"{'C': 10, 'multi_class': 'multinomial', 'penalty': 'l2', 'solver': 'sag'}",0.9940397295519217,0.9940312470163271,0.9928584606505776,0.9931074520401483,0.9944527416287949,0.9925923729636461,0.9950762153269708,0.991900834774016,0.9933428284984422,0.9906210502294638,0.9935256620401699,0.9961856693372235,0.9941377119044388,0.9950567069765903,0.991512453980414,0.9934960757946097,0.0014193693413886335,70
4.6602989673614506,0.15307279232911827,0.04374197324117025,0.0016543120929148481,100,multinomial,none,sag,"{'C': 100, 'multi_class': 'multinomial', 'penalty': 'none', 'solver': 'sag'}",0.9940437935080568,0.9940319719791946,0.9928331948390927,0.9931127515221118,0.9944630478248305,0.9925950097766482,0.9950787853469529,0.9918868206586025,0.9933401405954856,0.9906226329580214,0.993539736276335,0.9961809445455145,0.9941411850732251,0.995046546234821,0.9915223144611897,0.9934959250400055,0.0014194465720974703,71
4.647936042149862,0.08937655076785397,0.04434370994567871,0.0025333661872134292,0.1,multinomial,none,sag,"{'C': 0.1, 'multi_class': 'multinomial', 'penalty': 'none', 'solver': 'sag'}",0.9940511292781105,0.9940280561999609,0.9928258008654508,0.9930963046021392,0.9944512909954145,0.9925859168879783,0.9950753655688647,0.9918879454985955,0.9933351224969398,0.9906223626221825,0.9935402854755677,0.9962189228602811,0.9941358571844414,0.9950570643741654,0.9915146920514737,0.9934950744641046,0.001425788521804574,72
4.638031546274821,0.07113264354085964,0.04399452209472656,0.0025497149045036224,10,multinomial,none,sag,"{'C': 10, 'multi_class': 'multinomial', 'penalty': 'none', 'solver': 'sag'}",0.9940414717627544,0.9940321026146277,0.9928346372725827,0.9931090471883854,0.9944544897222996,0.9925896600170641,0.9950769986757484,0.9918857086221774,0.9933344854995191,0.9905968376149266,0.9935422102579483,0.996230032231906,0.9941331333036688,0.995053345554569,0.9915098428778906,0.9934949335477378,0.0014303657485283665,73
4.658858791987101,0.13213717890122162,0.04304353396097819,0.001398661964370968,100,auto,l2,sag,"{'C': 100, 'multi_class': 'auto', 'penalty': 'l2', 'solver': 'sag'}",0.9940481397652488,0.9940308651465172,0.9928431060037894,0.9930940698032048,0.994435835867422,0.992564266478918,0.9950821661608172,0.9919270419518982,0.9933413411910964,0.9906281143448737,0.9935332998075582,0.9961859287195735,0.9941436393974049,0.9950437273625861,0.9915133851833378,0.9934943284789496,0.00141748933932959,74
4.709660450617473,0.11013073644468625,0.044451665878295896,0.0031192409927340153,1,multinomial,none,sag,"{'C': 1, 'multi_class': 'multinomial', 'penalty': 'none', 'solver': 'sag'}",0.9940424553661481,0.9940311796117622,0.9928651185364992,0.9930912801672491,0.9944503323245298,0.9925899300002863,0.9950840322126331,0.9918945738607802,0.9933435418780256,0.9906005705279636,0.9935360797384846,0.9961803827518196,0.9941423133003603,0.9950540799318732,0.9915076735324325,0.9934942362493899,0.001423094448768157,75
4.667123381296793,0.12180619260387839,0.04513640403747558,0.004535946154299112,150,auto,none,sag,"{'C': 150, 'multi_class': 'auto', 'penalty': 'none', 'solver': 'sag'}",0.9940331177105064,0.9940337141910163,0.9928446727261402,0.9931038807168143,0.9944527893810381,0.9925681132652724,0.9950819362079242,0.9919104594290564,0.9933402670536686,0.9905614265803606,0.9935396257003266,0.9962238799938801,0.9941352712937096,0.9950492233543666,0.991516848188722,0.9934930150528534,0.0014324443955110345,76
4.5831654866536455,0.049419744359907,0.04310701688130696,0.0008292796992175181,1,auto,l2,sag,"{'C': 1, 'multi_class': 'auto', 'penalty': 'l2', 'solver': 'sag'}",0.994044842677593,0.9940199307646307,0.9928417367861215,0.9930916746505577,0.9944347221841502,0.9925868539739658,0.995074587500991,0.9919211552110256,0.9933363521063818,0.9906065516060789,0.9935165919993836,0.9962277288192812,0.9941337617388412,0.9950321874784483,0.9915114043051387,0.993492005453506,0.0014233587060080107,77
4.599415222803752,0.05083943726100279,0.042841196060180664,0.001008358835747492,1,multinomial,l2,sag,"{'C': 1, 'multi_class': 'multinomial', 'penalty': 'l2', 'solver': 'sag'}",0.9940490645097546,0.9940241340178506,0.9928434936755064,0.993105011616113,0.994444089511954,0.9925804440294048,0.9950678501848692,0.9918630359726972,0.9933246485480198,0.9906041580613516,0.9935323340555117,0.9962141015839526,0.9941329577551553,0.9950322103676703,0.9915085351161939,0.9934884046004004,0.0014267482744509522,78
4.598944505055745,0.03232745004211895,0.042704836527506514,0.0008734012270364561,0.1,auto,l2,sag,"{'C': 0.1, 'multi_class': 'auto', 'penalty': 'l2', 'solver': 'sag'}",0.9939988979787577,0.9938925682818223,0.992748544471634,0.9930371685168661,0.9943342846442151,0.992528992868371,0.9949733439001681,0.991832994531088,0.9932579859406261,0.9905389321087836,0.9934902993612775,0.9961503048899336,0.9940829748305792,0.9949111109375084,0.9914468683641064,0.9934150181083826,0.00141560966915128,79
4.58795150121053,0.05579077200352801,0.043062782287597655,0.0009544173874376505,0.1,multinomial,l2,sag,"{'C': 0.1, 'multi_class': 'multinomial', 'penalty': 'l2', 'solver': 'sag'}",0.9939979956836886,0.9938944831204907,0.9927560173185815,0.9930432982065238,0.9943357801037311,0.9925058905145938,0.9949739514942904,0.9918517349109676,0.993256488103494,0.9905324965309369,0.9934787962673791,0.9961217166303238,0.994082383337728,0.9949144649364363,0.9914487146035011,0.9934129474508444,0.0014122086676793195,80
8.198275009791056,0.3980048221410239,0.04505077997843424,0.003869208265860961,0.1,multinomial,none,saga,"{'C': 0.1, 'multi_class': 'multinomial', 'penalty': 'none', 'solver': 'saga'}",0.9915557569355317,0.992486324086828,0.9898007391232444,0.9907110368408363,0.9927251041207967,0.989913363766731,0.9935467030353384,0.9894078803817801,0.9902720641216722,0.9873083102823991,0.9911112403686936,0.9950121126053059,0.9916756613816491,0.9931999223463104,0.9888061914450177,0.9911688273894756,0.0019522017154723077,81
8.271796592076619,0.28499139819192226,0.04830252329508464,0.008470974700685968,100,auto,none,saga,"{'C': 100, 'multi_class': 'auto', 'penalty': 'none', 'solver': 'saga'}",0.9915513643478822,0.9924996674213242,0.98981001205823,0.9907064849985066,0.9927250562520085,0.98991841897062,0.9935437244551577,0.9894049052010473,0.9902856310928764,0.9873049694096123,0.9911193491767685,0.9950136795731572,0.9916752775704107,0.9931812500361114,0.9887884414166542,0.9911685487986911,0.0019524664718661357,82
8.244628890355427,0.3220000635648144,0.0490387757619222,0.009497496627079282,0.1,auto,none,saga,"{'C': 0.1, 'multi_class': 'auto', 'penalty': 'none', 'solver': 'saga'}",0.9915490196949823,0.992490347482393,0.9898088381692081,0.990704407802206,0.9927176678222773,0.9899274572640971,0.9935445549058406,0.989409699852932,0.9902742348157367,0.9872884510020947,0.9911108725762949,0.9950194593614903,0.9916772377755688,0.9931978069021253,0.9888020747749003,0.9911681420134766,0.001954479081062718,83
8.190330251057942,0.32333076046139475,0.048599529266357425,0.00905391604615648,10,auto,none,saga,"{'C': 10, 'multi_class': 'auto', 'penalty': 'none', 'solver': 'saga'}",0.991555142507079,0.9924982430840753,0.9898003036165622,0.9906987259536105,0.9927225555096865,0.9899130331354856,0.9935399487352259,0.9894051762689218,0.9902849238896939,0.9873191999732767,0.9911185559691644,0.9950119758894548,0.9916610262897064,0.9931983478438863,0.9887945661853379,0.9911681149900778,0.0019511665922633536,84
9.85553960800171,0.6359925143679468,0.045942831039428714,0.007600942980678671,10,auto,l2,saga,"{'C': 10, 'multi_class': 'auto', 'penalty': 'l2', 'solver': 'saga'}",0.9915484723068058,0.9924920431382311,0.9898279843800779,0.9907048902940296,0.9927210084154121,0.9899028962926893,0.9935458956377751,0.9894089288409154,0.9902842803641863,0.9872989544590617,0.991108711534961,0.9950107775519088,0.9916733936741602,0.9931937446155062,0.9887947055347868,0.9911677791360339,0.001952460354410263,85
8.413464387257894,0.27537614930899607,0.04870429039001465,0.008994882933123956,1,auto,none,saga,"{'C': 1, 'multi_class': 'auto', 'penalty': 'none', 'solver': 'saga'}",0.9915481976720093,0.9924962716020607,0.9897906058982142,0.9907100177831702,0.9927176193782996,0.9899113286622324,0.9935442444125604,0.9894066832778398,0.990283979558743,0.987310807931628,0.9911189298147619,0.9950155905071874,0.9916729572010515,0.9931986602446135,0.9887898053260518,0.9911677132846949,0.0019535487363423303,86
9.85828104019165,0.6386939983573166,0.04410370190938314,0.003931511343092372,150,auto,l2,saga,"{'C': 150, 'multi_class': 'auto', 'penalty': 'l2', 'solver': 'saga'}",0.9915493694874137,0.9924954394835378,0.9897972821344725,0.9907053032228207,0.992721428676844,0.9899229138768229,0.9935397870213901,0.989407867577866,0.9902886629016094,0.9873058626985024,0.9911148361868929,0.9950130200258493,0.9916632995488737,0.9931932684484626,0.9887969864912642,0.9911676885188415,0.0019516214653890398,87
9.860572449366252,0.4994961016693404,0.04463653564453125,0.00449654211974599,100,auto,l2,saga,"{'C': 100, 'multi_class': 'auto', 'penalty': 'l2', 'solver': 'saga'}",0.9915467755597447,0.9924899227813295,0.9897984528816128,0.9907065873869472,0.9927206023598132,0.9899262249820138,0.9935507759266763,0.9894112104168773,0.9902832574424162,0.9873109124318604,0.9911084014091471,0.9950090679193859,0.9916648346088858,0.9931829704706943,0.9888000072841349,0.9911673335907693,0.0019498308274416274,88
8.309276072184245,0.42738944385346084,0.04497836430867513,0.004528673070202047,1,multinomial,none,saga,"{'C': 1, 'multi_class': 'multinomial', 'penalty': 'none', 'solver': 'saga'}",0.9915565937422623,0.9924895693254779,0.9898014595218896,0.9906906242303526,0.9927244057985561,0.9899200986472925,0.9935395845526299,0.9893936974250301,0.9902914475470965,0.9873077606896932,0.9911158009944238,0.9950171863454382,0.99167554328779,0.9931910959153027,0.9887950208046477,0.9911673259218591,0.0019530383765983227,89
8.102961524327595,0.3655698114018427,0.04510170618693034,0.004486263267329082,100,multinomial,none,saga,"{'C': 100, 'multi_class': 'multinomial', 'penalty': 'none', 'solver': 'saga'}",0.9915593991565117,0.9924903770121973,0.9898107353659998,0.9906922910892559,0.9927227712004527,0.9899129583680114,0.9935416999623896,0.9894050002407683,0.9902802289668156,0.9873097723429096,0.9911159398677656,0.9950162700298382,0.9916675933451489,0.9931785877175683,0.9887966392899182,0.9911666842637034,0.0019511831595985826,90
7.848811197280884,0.5130652526566095,0.036148881912231444,0.007128509773041198,150,auto,none,saga,"{'C': 150, 'multi_class': 'auto', 'penalty': 'none', 'solver': 'saga'}",0.9915485083564584,0.9924883816586094,0.9897919438844612,0.9907115944977785,0.992717276020797,0.9899159644169334,0.9935407375985772,0.9893963167815703,0.9902779513248736,0.9872828238705509,0.9911227016558888,0.99501894910223,0.9916668956719057,0.9931986787889626,0.9888040381100737,0.9911655174493111,0.001956289735064315,91
8.350236797332764,0.24402909775540346,0.0451422373453776,0.004524033403414475,10,multinomial,none,saga,"{'C': 10, 'multi_class': 'multinomial', 'penalty': 'none', 'solver': 'saga'}",0.991555309731955,0.9924975815241931,0.9898004438180067,0.9907081323990445,0.9927183177275511,0.9899265583586814,0.9935391493260776,0.9893873418339393,0.9902844591614166,0.9872710651306635,0.9911365202209774,0.9950122310520634,0.9916722994386529,0.9931918929700639,0.9887792276169944,0.991165368687352,0.0019585654355774823,92
9.914462645848593,0.49726437887920777,0.04464720090230306,0.0046963325197746045,150,multinomial,l2,saga,"{'C': 150, 'multi_class': 'multinomial', 'penalty': 'l2', 'solver': 'saga'}",0.9915430654417365,0.9924883082176448,0.9898088764744728,0.9907031454238899,0.9927245054849753,0.989913207671534,0.9935444070471352,0.989397522151464,0.99027544817396,0.987310164563753,0.9911113708519167,0.9950135822335504,0.9916703073766688,0.9931835556498714,0.9887915553045886,0.9911652681378108,0.0019520880632681956,93
9.880991506576539,0.6115092060672775,0.04433981577555338,0.004308152036933048,100,multinomial,l2,saga,"{'C': 100, 'multi_class': 'multinomial', 'penalty': 'l2', 'solver': 'saga'}",0.9915482390712713,0.9924909565050001,0.989799354756078,0.9907002268289806,0.992726233987715,0.9899046270325819,0.9935355217415758,0.989418556976055,0.9902741311042844,0.987303800456424,0.9911167480024959,0.9950113021822347,0.991669795185875,0.9931877597515802,0.9887908360499227,0.9911652059754715,0.001952150422328444,94
9.987382141749064,0.5437554647442778,0.04455119768778483,0.004381814831505597,10,multinomial,l2,saga,"{'C': 10, 'multi_class': 'multinomial', 'penalty': 'l2', 'solver': 'saga'}",0.9915475779201313,0.9924846200841808,0.9897985458965127,0.9907056373631837,0.9927283414007609,0.9899075084684303,0.9935387717514427,0.9894016587511226,0.9902921231566715,0.987289604158064,0.9911062989394527,0.9950089210946615,0.9916746776509286,0.993185134506601,0.9887967540132149,0.9911644116770241,0.001953535949030476,95
8.223438103993734,0.3197893848483918,0.04501811663309733,0.004406679037270059,150,multinomial,none,saga,"{'C': 150, 'multi_class': 'multinomial', 'penalty': 'none', 'solver': 'saga'}",0.991559983378847,0.992491483882918,0.9898044559001169,0.9907030001716473,0.9927227725247537,0.9898664551488647,0.9935409083622879,0.9894087788358101,0.9902737266628986,0.9873015184319168,0.991116203956698,0.9950135973051643,0.9916716459308315,0.9931810853730175,0.9887889131436882,0.9911629686006306,0.001954894373671248,96
9.883333269755045,0.7106143978575712,0.04461183547973633,0.004246102888978052,1,auto,l2,saga,"{'C': 1, 'multi_class': 'auto', 'penalty': 'l2', 'solver': 'saga'}",0.991546842208521,0.9924792244445332,0.9898002500461492,0.990693222778358,0.9927135230818724,0.9899113177873493,0.9935387991682656,0.9894022789533643,0.9902803146968508,0.9872891701169492,0.9911185092314021,0.995013990070915,0.9916666265573475,0.9931978301211233,0.9887831125217339,0.9911623341189821,0.0019553137265127187,97
9.931359386444091,0.6770504501729939,0.044554281234741214,0.004544187064547677,1,multinomial,l2,saga,"{'C': 1, 'multi_class': 'multinomial', 'penalty': 'l2', 'solver': 'saga'}",0.9915460353902477,0.9924799164824059,0.9897976572644328,0.9906928285522504,0.9927150828598418,0.9898787672547507,0.9935348510389346,0.9894059364829279,0.9902676701363479,0.9873003197880796,0.9911053197453443,0.9950040281130439,0.9916741112197716,0.9931855551577928,0.9887776828247455,0.9911577174873945,0.0019537552400169978,98
9.315922673543295,0.946083678612651,0.04392069180806478,0.0038179372096523944,10,ovr,none,sag,"{'C': 10, 'multi_class': 'ovr', 'penalty': 'none', 'solver': 'sag'}",0.9915385308476916,0.9918795500221422,0.99019204025136,0.9891879862058449,0.9932842857976898,0.9906427267174992,0.9934287830371165,0.9893938899630295,0.9904805879722701,0.9880214053200451,0.9905832866495814,0.9945335389671953,0.991314338681268,0.9933490340516068,0.9892311307449086,0.99113740768195,0.0018090110905526974,99
8.95575156211853,0.23754416026769015,0.042953777313232425,0.0007141038690147566,10,ovr,l2,sag,"{'C': 10, 'multi_class': 'ovr', 'penalty': 'l2', 'solver': 'sag'}",0.9915215015947341,0.9918803225558752,0.990200446175117,0.9891824071174383,0.9932956760815431,0.9906359863919467,0.9934351489626687,0.9893740663827041,0.9904892808821362,0.9880350005928138,0.9905807167394883,0.994543813392524,0.9913155314802979,0.9933471241870615,0.9892222942517901,0.9911372877858761,0.001811788162062052,100
9.264398336410522,0.8707712215463121,0.04419102668762207,0.003094445552058044,150,ovr,none,sag,"{'C': 150, 'multi_class': 'ovr', 'penalty': 'none', 'solver': 'sag'}",0.9915489615443336,0.9918777610394283,0.9901909522748389,0.9891938333967106,0.9932859879350996,0.9906055000685727,0.993430643336867,0.9893902949381074,0.9904841921231251,0.9880299949998171,0.9905826785798656,0.9945418402533278,0.9913282182215998,0.9933400459699392,0.9892255509791468,0.991137097044052,0.0018097002032572494,101
9.19344375928243,0.7201016902756855,0.04311121304829915,0.0007430823228386685,0.1,ovr,none,sag,"{'C': 0.1, 'multi_class': 'ovr', 'penalty': 'none', 'solver': 'sag'}",0.9915509164204712,0.9918758654730647,0.9901915954979753,0.9891635252313101,0.9932876140972491,0.9906392472807812,0.9934286849817946,0.9893901159891879,0.9904873610514106,0.9880331944521448,0.9905888160340461,0.9945411785575766,0.9913050056649029,0.9933416087790699,0.9892241382266024,0.9911365911825057,0.0018106003475361918,102
9.25743465423584,0.8055151367349511,0.04334103266398112,0.001167780183983001,100,ovr,none,sag,"{'C': 100, 'multi_class': 'ovr', 'penalty': 'none', 'solver': 'sag'}",0.991545291631799,0.9918801555740915,0.9902022897722123,0.9891595230062015,0.993295502735681,0.9906223817940351,0.9934374554135763,0.9893921516894733,0.9904892076770281,0.9880218729343697,0.9905862382130222,0.9945414832487683,0.991313643481521,0.9933403529322222,0.9892205744810199,0.9911365416390014,0.001813647969829919,103
9.287255271275837,0.7849431014285948,0.04425210952758789,0.003484506029190219,1,ovr,none,sag,"{'C': 1, 'multi_class': 'ovr', 'penalty': 'none', 'solver': 'sag'}",0.9915468404919618,0.9918767423722159,0.9902028199057685,0.9891607330346902,0.993281695141053,0.9906515937505727,0.9934298403119056,0.9893821294515304,0.9904833861385504,0.9880354184393714,0.9905821905023805,0.9945491353092294,0.9913048708952958,0.9933364457919543,0.9892206059244675,0.9911362964973964,0.0018111016324885679,104
8.858351453145344,0.21648666561996754,0.04274897575378418,0.0004980339480749036,150,ovr,l2,sag,"{'C': 150, 'multi_class': 'ovr', 'penalty': 'l2', 'solver': 'sag'}",0.9915403831692939,0.991874200198378,0.9901874833515667,0.9891667722971175,0.9932845728709594,0.9906228846090649,0.9934355221450011,0.9893997661287794,0.9904808695367773,0.9880415832055676,0.9905829529249864,0.9945405570586446,0.9913091681113391,0.9933403460492649,0.9892248935043195,0.9911354636774041,0.0018094364366281481,105
8.854681285222371,0.2225122768945894,0.04296580950419108,0.0005613768083860927,100,ovr,l2,sag,"{'C': 100, 'multi_class': 'ovr', 'penalty': 'l2', 'solver': 'sag'}",0.9915441343862726,0.9918694401771665,0.9901841819777866,0.9891545123498439,0.9932758223248165,0.9906348395185665,0.9934343513246754,0.9893816877409067,0.990478687307283,0.9880299557303914,0.9905857773903654,0.9945382267798252,0.9913047149181307,0.993336097852841,0.9892204610435839,0.9911315260548305,0.0018114844418980103,106
8.83962295850118,0.18869889804683815,0.043223969141642254,0.0007793503344189221,1,ovr,l2,sag,"{'C': 1, 'multi_class': 'ovr', 'penalty': 'l2', 'solver': 'sag'}",0.9915336564762038,0.9918614344968064,0.9901899276323928,0.9891500682791117,0.9932913908621808,0.9906151065808422,0.993418378927797,0.9893659038205888,0.9904715915271224,0.9880265485000391,0.9905832083689685,0.9945303731446232,0.9912928800211264,0.9933243162426478,0.9892185688778771,0.9911248902505553,0.0018112316674019477,107
9.916157166163126,0.7088687250813668,0.0445918083190918,0.004472638637726826,0.1,auto,l2,saga,"{'C': 0.1, 'multi_class': 'auto', 'penalty': 'l2', 'solver': 'saga'}",0.9915036797454742,0.9924308323163435,0.9897440840133875,0.9906472640393735,0.9926323804502187,0.9898558975993339,0.9934647439098582,0.9893638631700922,0.9901976655004491,0.9872305229909376,0.9910890782516718,0.9949556439151104,0.9916179884062789,0.993088244300596,0.9887378317430636,0.9911039813568128,0.0019482284796578722,108
9.823245429992676,0.6846789106260983,0.046375703811645505,0.006010637454025251,0.1,multinomial,l2,saga,"{'C': 0.1, 'multi_class': 'multinomial', 'penalty': 'l2', 'solver': 'saga'}",0.9915120817924572,0.9924143740471492,0.9897375655046211,0.9906475660551367,0.9926379800490348,0.9898795510186164,0.9934699133969392,0.9893623495358381,0.9902024477323426,0.9872252822176744,0.9910777478044123,0.994951287284888,0.9916216166100119,0.9930750507391876,0.9887318904312906,0.99110311361464,0.0019473360514236414,109
8.633910083770752,0.1735186767479793,0.043684768676757815,0.0015252954097543057,0.1,ovr,l2,sag,"{'C': 0.1, 'multi_class': 'ovr', 'penalty': 'l2', 'solver': 'sag'}",0.9914825883309216,0.9917242441984438,0.9901222694385858,0.9891288592713563,0.9931110338897667,0.9905692135851906,0.9932804909459426,0.9892997619567344,0.9904159303266882,0.9879474729567521,0.990537814291077,0.9944228215221284,0.9912478972410046,0.9931723468095537,0.9891608162990722,0.9910415707375477,0.001779289916954198,110
13.578656307856242,0.5410173753355383,0.047893063227335615,0.007490993880392616,10,ovr,l2,saga,"{'C': 10, 'multi_class': 'ovr', 'penalty': 'l2', 'solver': 'saga'}",0.9871665855106212,0.9893935987434184,0.98579434400757,0.9845004954780707,0.990836187894413,0.9861028955601846,0.9911219557569039,0.9851254717031281,0.9855128511632024,0.9833923477116929,0.9857011013216649,0.9924907662162203,0.9869779142758877,0.9909143777550273,0.984440290997053,0.9872980789396706,0.0027939017867095223,111
12.157770665486654,0.14228401558725223,0.045528380076090495,0.004339148658736466,100,ovr,none,saga,"{'C': 100, 'multi_class': 'ovr', 'penalty': 'none', 'solver': 'saga'}",0.9871660837264628,0.9893869767095765,0.9857843944512356,0.9845206840935706,0.9908269456517569,0.9860993609445036,0.9911255089714077,0.9851523583721864,0.9855038616295163,0.9833790782410515,0.985697903969918,0.992482836314678,0.9869800045616037,0.9909158223644345,0.9844367019078533,0.9872972347939838,0.0027919646586411057,112
12.06561139424642,0.22629453650408599,0.04547905921936035,0.0043439451659545375,0.1,ovr,none,saga,"{'C': 0.1, 'multi_class': 'ovr', 'penalty': 'none', 'solver': 'saga'}",0.9871631115177429,0.9893880240340291,0.9857892922958207,0.9845227832767426,0.9908308536761343,0.9861001870151757,0.991113535900921,0.98515841050398,0.9855015716266099,0.9833878673816953,0.98568677442572,0.9924865872785276,0.9869733212286583,0.990908615775537,0.9844394715518098,0.9872966938326069,0.0027900213894298726,113
12.14868548711141,0.1888109492910769,0.0458924134572347,0.004099064087753969,10,ovr,none,saga,"{'C': 10, 'multi_class': 'ovr', 'penalty': 'none', 'solver': 'saga'}",0.9871719291741782,0.9893852477268366,0.9857961416258373,0.9845170887903896,0.9908259119140936,0.9860814128802833,0.9911168091595497,0.9851492435470718,0.9855161996891667,0.983384758436981,0.9856938662857265,0.9924828397863962,0.9869797178767362,0.9909091458407451,0.9844385742257543,0.9872965924639832,0.002789866082077288,114
12.09678438504537,0.2706732422298519,0.045675436655680336,0.004490084024177732,150,ovr,none,saga,"{'C': 150, 'multi_class': 'ovr', 'penalty': 'none', 'solver': 'saga'}",0.9871571991580643,0.9893867030141916,0.985784765220702,0.9845057089983594,0.9908380157784645,0.9861069880117389,0.9911175480545709,0.985147451874273,0.9855013979510934,0.9833910743424594,0.9856896195627434,0.9924879065368508,0.9869824455091039,0.9909061311987376,0.984433839020358,0.9872957862821141,0.0027924743394215413,115
13.407819430033365,0.6182554109594675,0.04862489700317383,0.008505439466290189,100,ovr,l2,saga,"{'C': 100, 'multi_class': 'ovr', 'penalty': 'l2', 'solver': 'saga'}",0.9871738716824214,0.9893875304265473,0.9857836676758318,0.9845070777301819,0.9908192242786269,0.9860929679760433,0.9911206236842436,0.9851415772711103,0.98551361697626,0.9833820276753038,0.9856987227475924,0.9924852099378738,0.9869712539918641,0.9909069269977497,0.9844416745076113,0.9872950649039508,0.0027910691855923095,116
13.448141431808471,0.6635068116386884,0.04838198026021322,0.007752183592707532,150,ovr,l2,saga,"{'C': 150, 'multi_class': 'ovr', 'penalty': 'l2', 'solver': 'saga'}",0.9871550834208757,0.9893822239175755,0.9857962980945381,0.9845128098278579,0.9908292612304456,0.9860952332371596,0.9911089832393719,0.9851392654231139,0.9855101480923798,0.9833892724136254,0.9856962600370783,0.9924834376762222,0.9869755149525619,0.9909105140653496,0.9844285836414699,0.987294192617975,0.0027903820198194934,117
13.40588452021281,0.626619811913243,0.050552717844645184,0.010579229813235823,1,ovr,l2,saga,"{'C': 1, 'multi_class': 'ovr', 'penalty': 'l2', 'solver': 'saga'}",0.9871794028149715,0.9893784991010806,0.9857863886945306,0.9845085757913804,0.9908282790883985,0.9860874116886118,0.9911209977192428,0.9851319684382437,0.9854975108802932,0.9833896471241614,0.9857011385184326,0.9924807164341566,0.986967353419946,0.9909094202596895,0.9844405770474062,0.987293859134703,0.002791506026357316,118
12.109379307428997,0.3116939391589941,0.0455046017964681,0.004297638155194728,1,ovr,none,saga,"{'C': 1, 'multi_class': 'ovr', 'penalty': 'none', 'solver': 'saga'}",0.9871764722707834,0.9893862515851317,0.985786727040016,0.9844991437919195,0.9908312156835779,0.9860863000283508,0.9911153665057324,0.9851394688243845,0.9855040717216854,0.9833679391822141,0.985691085073717,0.9924845387650942,0.9869832371735374,0.9909097055979237,0.9844423198682943,0.9872935895408241,0.002794285911221462,119
13.109230852127075,0.5477037212067015,0.04414502779642741,0.008404823051650348,0.1,ovr,l2,saga,"{'C': 0.1, 'multi_class': 'ovr', 'penalty': 'l2', 'solver': 'saga'}",0.9871125388884225,0.9893077523612701,0.9857219767873323,0.9844618747132907,0.9907365580911606,0.9860391544135467,0.9910360441664376,0.9850916874774842,0.9854466652350974,0.983341993241319,0.9856255619388274,0.9924275272213195,0.9869287781772696,0.9908046343548456,0.984385755306603,0.987231233491615,0.0027794934749233507,120
