mean_fit_time,std_fit_time,mean_score_time,std_score_time,param_C,param_decision_function_shape,param_gamma,param_kernel,params,split0_test_score,split1_test_score,split2_test_score,split3_test_score,split4_test_score,split5_test_score,split6_test_score,split7_test_score,split8_test_score,split9_test_score,split10_test_score,split11_test_score,split12_test_score,split13_test_score,split14_test_score,mean_test_score,std_test_score,rank_test_score
1.423402976989746,0.13485812642672895,0.3438265641530355,0.0521539851169435,1000,ovr,auto,rbf,"{'C': 1000, 'decision_function_shape': 'ovr', 'gamma': 'auto', 'kernel': 'rbf'}",0.9956869993838571,0.9938385705483672,0.9966101694915255,0.9947627849661121,0.9935304990757856,0.9947611710323575,0.9950708564386938,0.9953789279112755,0.9935285053929122,0.9963031423290203,0.9959950708564387,0.9901386748844376,0.9947627849661121,0.9963031423290203,0.9950693374422188,0.9947827091365424,0.0015571776930680995,1
1.4850508213043212,0.05360269564089773,0.3809880256652832,0.014809902799066065,1000,ovo,auto,rbf,"{'C': 1000, 'decision_function_shape': 'ovo', 'gamma': 'auto', 'kernel': 'rbf'}",0.9956869993838571,0.9938385705483672,0.9966101694915255,0.9947627849661121,0.9935304990757856,0.9947611710323575,0.9950708564386938,0.9953789279112755,0.9935285053929122,0.9963031423290203,0.9959950708564387,0.9901386748844376,0.9947627849661121,0.9963031423290203,0.9950693374422188,0.9947827091365424,0.0015571776930680995,1
1.5309056282043456,0.06067772836882055,0.413899294535319,0.008884658429752073,100,ovo,scale,rbf,"{'C': 100, 'decision_function_shape': 'ovo', 'gamma': 'scale', 'kernel': 'rbf'}",0.9944547134935305,0.9935304990757856,0.9966101694915255,0.9956869993838571,0.9941466420209488,0.9947611710323575,0.9947627849661121,0.9956869993838571,0.9947611710323575,0.9947627849661121,0.9963031423290203,0.9904468412942989,0.9953789279112755,0.9950708564386938,0.9944530046224962,0.9947211138294818,0.001382239135184165,3
1.53494340578715,0.09327249912796579,0.4041548252105713,0.04866923837386671,100,ovr,scale,rbf,"{'C': 100, 'decision_function_shape': 'ovr', 'gamma': 'scale', 'kernel': 'rbf'}",0.9944547134935305,0.9935304990757856,0.9966101694915255,0.9956869993838571,0.9941466420209488,0.9947611710323575,0.9947627849661121,0.9956869993838571,0.9947611710323575,0.9947627849661121,0.9963031423290203,0.9904468412942989,0.9953789279112755,0.9950708564386938,0.9944530046224962,0.9947211138294818,0.001382239135184165,3
1.4926654974619546,0.05965419970312676,0.37887452443440756,0.007584793953158969,1000,ovr,scale,rbf,"{'C': 1000, 'decision_function_shape': 'ovr', 'gamma': 'scale', 'kernel': 'rbf'}",0.9956869993838571,0.9938385705483672,0.9966101694915255,0.9944547134935305,0.9935304990757856,0.9947611710323575,0.9947627849661121,0.9953789279112755,0.9935285053929122,0.9963031423290203,0.9956869993838571,0.9898305084745763,0.9947627849661121,0.9963031423290203,0.9950693374422188,0.9947005504147018,0.001604171523050398,5
1.4961535612742105,0.055964735567203404,0.38172820409138997,0.012856948372562222,1000,ovo,scale,rbf,"{'C': 1000, 'decision_function_shape': 'ovo', 'gamma': 'scale', 'kernel': 'rbf'}",0.9956869993838571,0.9938385705483672,0.9966101694915255,0.9944547134935305,0.9935304990757856,0.9947611710323575,0.9947627849661121,0.9953789279112755,0.9935285053929122,0.9963031423290203,0.9956869993838571,0.9898305084745763,0.9947627849661121,0.9963031423290203,0.9950693374422188,0.9947005504147018,0.001604171523050398,5
1.5125598430633544,0.06374816873870266,0.41306681632995607,0.010643524328748646,100,ovo,auto,rbf,"{'C': 100, 'decision_function_shape': 'ovo', 'gamma': 'auto', 'kernel': 'rbf'}",0.9944547134935305,0.9935304990757856,0.9966101694915255,0.9953789279112755,0.9941466420209488,0.9947611710323575,0.9947627849661121,0.9953789279112755,0.9947611710323575,0.9950708564386938,0.9963031423290203,0.9901386748844376,0.9953789279112755,0.9950708564386938,0.9944530046224962,0.9946800313039857,0.0014255514045968959,7
1.5153880755106608,0.056469162928651506,0.4161026159922282,0.010417324745161929,100,ovr,auto,rbf,"{'C': 100, 'decision_function_shape': 'ovr', 'gamma': 'auto', 'kernel': 'rbf'}",0.9944547134935305,0.9935304990757856,0.9966101694915255,0.9953789279112755,0.9941466420209488,0.9947611710323575,0.9947627849661121,0.9953789279112755,0.9947611710323575,0.9950708564386938,0.9963031423290203,0.9901386748844376,0.9953789279112755,0.9950708564386938,0.9944530046224962,0.9946800313039857,0.0014255514045968959,7
1.6300819079081217,0.05879425722247119,0.41330509185791015,0.011742264872593621,1000,ovr,0.01,rbf,"{'C': 1000, 'decision_function_shape': 'ovr', 'gamma': 0.01, 'kernel': 'rbf'}",0.9953789279112755,0.9944547134935305,0.9956856702619414,0.9935304990757856,0.9932224276032039,0.9947611710323575,0.9947627849661121,0.9944547134935305,0.9947611710323575,0.996611213801602,0.9959950708564387,0.9901386748844376,0.9947627849661121,0.9950708564386938,0.9953775038520801,0.9945978789112971,0.0014536136339751088,9
1.6335870107014974,0.049535216483490616,0.411611811319987,0.01014858320920833,1000,ovo,0.01,rbf,"{'C': 1000, 'decision_function_shape': 'ovo', 'gamma': 0.01, 'kernel': 'rbf'}",0.9953789279112755,0.9944547134935305,0.9956856702619414,0.9935304990757856,0.9932224276032039,0.9947611710323575,0.9947627849661121,0.9944547134935305,0.9947611710323575,0.996611213801602,0.9959950708564387,0.9901386748844376,0.9947627849661121,0.9950708564386938,0.9953775038520801,0.9945978789112971,0.0014536136339751088,9
1.6697480837504068,0.07956878605779447,0.43712925910949707,0.013994718904479252,100,ovr,0.01,rbf,"{'C': 100, 'decision_function_shape': 'ovr', 'gamma': 0.01, 'kernel': 'rbf'}",0.9941466420209488,0.9938385705483672,0.9956856702619414,0.9941466420209488,0.9947627849661121,0.9935285053929122,0.9935304990757856,0.9944547134935305,0.9947611710323575,0.9944547134935305,0.9963031423290203,0.9913713405238829,0.9950708564386938,0.9941466420209488,0.9947611710323575,0.9943308709767559,0.00107231340659822,11
1.6705832481384277,0.0819914315421887,0.43623603185017906,0.010041137497329884,100,ovo,0.01,rbf,"{'C': 100, 'decision_function_shape': 'ovo', 'gamma': 0.01, 'kernel': 'rbf'}",0.9941466420209488,0.9938385705483672,0.9956856702619414,0.9941466420209488,0.9947627849661121,0.9935285053929122,0.9935304990757856,0.9944547134935305,0.9947611710323575,0.9944547134935305,0.9963031423290203,0.9913713405238829,0.9950708564386938,0.9941466420209488,0.9947611710323575,0.9943308709767559,0.00107231340659822,11
1.0817225615183512,0.026847543130333693,0.2761119683583578,0.008885280683387274,1000,ovr,0.001,rbf,"{'C': 1000, 'decision_function_shape': 'ovr', 'gamma': 0.001, 'kernel': 'rbf'}",0.9938385705483672,0.9919901417128774,0.9953775038520801,0.9941466420209488,0.9926062846580407,0.9938366718027735,0.9932224276032039,0.9944547134935305,0.9944530046224962,0.9944547134935305,0.9959950708564387,0.9910631741140216,0.9950708564386938,0.9944547134935305,0.9944530046224962,0.993961166222202,0.0012468208633117483,13
1.0872286160786946,0.023551817153478313,0.2778636614481608,0.010718511927334804,1000,ovo,0.001,rbf,"{'C': 1000, 'decision_function_shape': 'ovo', 'gamma': 0.001, 'kernel': 'rbf'}",0.9938385705483672,0.9919901417128774,0.9953775038520801,0.9941466420209488,0.9926062846580407,0.9938366718027735,0.9932224276032039,0.9944547134935305,0.9944530046224962,0.9944547134935305,0.9959950708564387,0.9910631741140216,0.9950708564386938,0.9944547134935305,0.9944530046224962,0.993961166222202,0.0012468208633117483,13
1.330485757191976,0.09407307212658549,0.2672248840332031,0.008397712004747091,1,ovr,0.001,linear,"{'C': 1, 'decision_function_shape': 'ovr', 'gamma': 0.001, 'kernel': 'linear'}",0.9913739987677141,0.9919901417128774,0.9944530046224962,0.9932224276032039,0.9904497843499692,0.9926040061633282,0.9907578558225508,0.9938385705483672,0.9938366718027735,0.9935304990757856,0.9944547134935305,0.9916795069337442,0.9944547134935305,0.9910659272951324,0.9929121725731895,0.9927082662838794,0.001357558307497619,15
1.6307535966237385,0.22555912961840546,0.2684215863545736,0.010985318973901719,1,ovo,1,linear,"{'C': 1, 'decision_function_shape': 'ovo', 'gamma': 1, 'kernel': 'linear'}",0.9913739987677141,0.9919901417128774,0.9944530046224962,0.9932224276032039,0.9904497843499692,0.9926040061633282,0.9907578558225508,0.9938385705483672,0.9938366718027735,0.9935304990757856,0.9944547134935305,0.9916795069337442,0.9944547134935305,0.9910659272951324,0.9929121725731895,0.9927082662838794,0.001357558307497619,15
1.5021744887034099,0.11990776239574408,0.2516851584116618,0.018011459980307364,1,ovo,0.1,linear,"{'C': 1, 'decision_function_shape': 'ovo', 'gamma': 0.1, 'kernel': 'linear'}",0.9913739987677141,0.9919901417128774,0.9944530046224962,0.9932224276032039,0.9904497843499692,0.9926040061633282,0.9907578558225508,0.9938385705483672,0.9938366718027735,0.9935304990757856,0.9944547134935305,0.9916795069337442,0.9944547134935305,0.9910659272951324,0.9929121725731895,0.9927082662838794,0.001357558307497619,15
1.3286014080047608,0.12373174171370682,0.2673647403717041,0.008928619947036911,1,ovo,0.001,linear,"{'C': 1, 'decision_function_shape': 'ovo', 'gamma': 0.001, 'kernel': 'linear'}",0.9913739987677141,0.9919901417128774,0.9944530046224962,0.9932224276032039,0.9904497843499692,0.9926040061633282,0.9907578558225508,0.9938385705483672,0.9938366718027735,0.9935304990757856,0.9944547134935305,0.9916795069337442,0.9944547134935305,0.9910659272951324,0.9929121725731895,0.9927082662838794,0.001357558307497619,15
1.5739075819651285,0.2138931582491718,0.2673480033874512,0.007784771969645584,1,ovr,0.0001,linear,"{'C': 1, 'decision_function_shape': 'ovr', 'gamma': 0.0001, 'kernel': 'linear'}",0.9913739987677141,0.9919901417128774,0.9944530046224962,0.9932224276032039,0.9904497843499692,0.9926040061633282,0.9907578558225508,0.9938385705483672,0.9938366718027735,0.9935304990757856,0.9944547134935305,0.9916795069337442,0.9944547134935305,0.9910659272951324,0.9929121725731895,0.9927082662838794,0.001357558307497619,15
1.681501070658366,0.19444225091266706,0.2589357535044352,0.024519346127643785,1,ovr,scale,linear,"{'C': 1, 'decision_function_shape': 'ovr', 'gamma': 'scale', 'kernel': 'linear'}",0.9913739987677141,0.9919901417128774,0.9944530046224962,0.9932224276032039,0.9904497843499692,0.9926040061633282,0.9907578558225508,0.9938385705483672,0.9938366718027735,0.9935304990757856,0.9944547134935305,0.9916795069337442,0.9944547134935305,0.9910659272951324,0.9929121725731895,0.9927082662838794,0.001357558307497619,15
1.6745542367299397,0.201911760493531,0.25769197146097816,0.02188163730543562,1,ovo,scale,linear,"{'C': 1, 'decision_function_shape': 'ovo', 'gamma': 'scale', 'kernel': 'linear'}",0.9913739987677141,0.9919901417128774,0.9944530046224962,0.9932224276032039,0.9904497843499692,0.9926040061633282,0.9907578558225508,0.9938385705483672,0.9938366718027735,0.9935304990757856,0.9944547134935305,0.9916795069337442,0.9944547134935305,0.9910659272951324,0.9929121725731895,0.9927082662838794,0.001357558307497619,15
1.33037215868632,0.09832703208082666,0.26986192067464193,0.013445624799254024,1,ovo,auto,linear,"{'C': 1, 'decision_function_shape': 'ovo', 'gamma': 'auto', 'kernel': 'linear'}",0.9913739987677141,0.9919901417128774,0.9944530046224962,0.9932224276032039,0.9904497843499692,0.9926040061633282,0.9907578558225508,0.9938385705483672,0.9938366718027735,0.9935304990757856,0.9944547134935305,0.9916795069337442,0.9944547134935305,0.9910659272951324,0.9929121725731895,0.9927082662838794,0.001357558307497619,15
1.343865156173706,0.11635802685087292,0.2655062198638916,0.018533353094176412,1,ovr,1,linear,"{'C': 1, 'decision_function_shape': 'ovr', 'gamma': 1, 'kernel': 'linear'}",0.9913739987677141,0.9919901417128774,0.9944530046224962,0.9932224276032039,0.9904497843499692,0.9926040061633282,0.9907578558225508,0.9938385705483672,0.9938366718027735,0.9935304990757856,0.9944547134935305,0.9916795069337442,0.9944547134935305,0.9910659272951324,0.9929121725731895,0.9927082662838794,0.001357558307497619,15
1.5087295214335124,0.13240700866828403,0.2554155826568604,0.017193055878870635,1,ovr,0.1,linear,"{'C': 1, 'decision_function_shape': 'ovr', 'gamma': 0.1, 'kernel': 'linear'}",0.9913739987677141,0.9919901417128774,0.9944530046224962,0.9932224276032039,0.9904497843499692,0.9926040061633282,0.9907578558225508,0.9938385705483672,0.9938366718027735,0.9935304990757856,0.9944547134935305,0.9916795069337442,0.9944547134935305,0.9910659272951324,0.9929121725731895,0.9927082662838794,0.001357558307497619,15
1.2774113496144612,0.09118306839722437,0.23326263427734376,0.005717206852444001,1,ovr,0.01,linear,"{'C': 1, 'decision_function_shape': 'ovr', 'gamma': 0.01, 'kernel': 'linear'}",0.9913739987677141,0.9919901417128774,0.9944530046224962,0.9932224276032039,0.9904497843499692,0.9926040061633282,0.9907578558225508,0.9938385705483672,0.9938366718027735,0.9935304990757856,0.9944547134935305,0.9916795069337442,0.9944547134935305,0.9910659272951324,0.9929121725731895,0.9927082662838794,0.001357558307497619,15
1.3362322489420573,0.08921576182885421,0.26576291720072426,0.006913094744762025,1,ovo,0.01,linear,"{'C': 1, 'decision_function_shape': 'ovo', 'gamma': 0.01, 'kernel': 'linear'}",0.9913739987677141,0.9919901417128774,0.9944530046224962,0.9932224276032039,0.9904497843499692,0.9926040061633282,0.9907578558225508,0.9938385705483672,0.9938366718027735,0.9935304990757856,0.9944547134935305,0.9916795069337442,0.9944547134935305,0.9910659272951324,0.9929121725731895,0.9927082662838794,0.001357558307497619,15
1.5706474939982096,0.2246670673014952,0.26671652793884276,0.01624056646801619,1,ovo,0.0001,linear,"{'C': 1, 'decision_function_shape': 'ovo', 'gamma': 0.0001, 'kernel': 'linear'}",0.9913739987677141,0.9919901417128774,0.9944530046224962,0.9932224276032039,0.9904497843499692,0.9926040061633282,0.9907578558225508,0.9938385705483672,0.9938366718027735,0.9935304990757856,0.9944547134935305,0.9916795069337442,0.9944547134935305,0.9910659272951324,0.9929121725731895,0.9927082662838794,0.001357558307497619,15
1.3541698614756266,0.1280572705555532,0.26671581268310546,0.00783270221486175,1,ovr,auto,linear,"{'C': 1, 'decision_function_shape': 'ovr', 'gamma': 'auto', 'kernel': 'linear'}",0.9913739987677141,0.9919901417128774,0.9944530046224962,0.9932224276032039,0.9904497843499692,0.9926040061633282,0.9907578558225508,0.9938385705483672,0.9938366718027735,0.9935304990757856,0.9944547134935305,0.9916795069337442,0.9944547134935305,0.9910659272951324,0.9929121725731895,0.9927082662838794,0.001357558307497619,15
1.1972733338673909,0.06553584376213525,0.1933297316233317,0.005817249477967778,10,ovr,1,linear,"{'C': 10, 'decision_function_shape': 'ovr', 'gamma': 1, 'kernel': 'linear'}",0.9922982131854591,0.9935304990757856,0.9941448382126348,0.9950708564386938,0.9886013555144794,0.9916795069337442,0.9901417128773875,0.9944547134935305,0.9932203389830508,0.9922982131854591,0.9938385705483672,0.9901386748844376,0.9941466420209488,0.9929143561306223,0.9938366718027735,0.9926876775524918,0.001784025515750932,29
1.3268705526987712,0.08561014159658151,0.19221356709798176,0.01812512455657222,10,ovo,1,linear,"{'C': 10, 'decision_function_shape': 'ovo', 'gamma': 1, 'kernel': 'linear'}",0.9922982131854591,0.9935304990757856,0.9941448382126348,0.9950708564386938,0.9886013555144794,0.9916795069337442,0.9901417128773875,0.9944547134935305,0.9932203389830508,0.9922982131854591,0.9938385705483672,0.9901386748844376,0.9941466420209488,0.9929143561306223,0.9938366718027735,0.9926876775524918,0.001784025515750932,29
1.4836179892222086,0.09908626777955604,0.19069422086079915,0.007621567736221164,10,ovo,0.1,linear,"{'C': 10, 'decision_function_shape': 'ovo', 'gamma': 0.1, 'kernel': 'linear'}",0.9922982131854591,0.9935304990757856,0.9941448382126348,0.9950708564386938,0.9886013555144794,0.9916795069337442,0.9901417128773875,0.9944547134935305,0.9932203389830508,0.9922982131854591,0.9938385705483672,0.9901386748844376,0.9941466420209488,0.9929143561306223,0.9938366718027735,0.9926876775524918,0.001784025515750932,29
1.2221714496612548,0.07649701867066147,0.19486330350240072,0.0065892483323318676,10,ovo,0.01,linear,"{'C': 10, 'decision_function_shape': 'ovo', 'gamma': 0.01, 'kernel': 'linear'}",0.9922982131854591,0.9935304990757856,0.9941448382126348,0.9950708564386938,0.9886013555144794,0.9916795069337442,0.9901417128773875,0.9944547134935305,0.9932203389830508,0.9922982131854591,0.9938385705483672,0.9901386748844376,0.9941466420209488,0.9929143561306223,0.9938366718027735,0.9926876775524918,0.001784025515750932,29
1.1810689926147462,0.08695662007364217,0.19211641947428384,0.005442277133132041,10,ovo,0.001,linear,"{'C': 10, 'decision_function_shape': 'ovo', 'gamma': 0.001, 'kernel': 'linear'}",0.9922982131854591,0.9935304990757856,0.9941448382126348,0.9950708564386938,0.9886013555144794,0.9916795069337442,0.9901417128773875,0.9944547134935305,0.9932203389830508,0.9922982131854591,0.9938385705483672,0.9901386748844376,0.9941466420209488,0.9929143561306223,0.9938366718027735,0.9926876775524918,0.001784025515750932,29
1.2294938405354818,0.08355049067007093,0.1915608565012614,0.004635029471092253,10,ovo,0.0001,linear,"{'C': 10, 'decision_function_shape': 'ovo', 'gamma': 0.0001, 'kernel': 'linear'}",0.9922982131854591,0.9935304990757856,0.9941448382126348,0.9950708564386938,0.9886013555144794,0.9916795069337442,0.9901417128773875,0.9944547134935305,0.9932203389830508,0.9922982131854591,0.9938385705483672,0.9901386748844376,0.9941466420209488,0.9929143561306223,0.9938366718027735,0.9926876775524918,0.001784025515750932,29
1.5589239915211996,0.19844103487408424,0.1946117401123047,0.008337111530590694,10,ovo,scale,linear,"{'C': 10, 'decision_function_shape': 'ovo', 'gamma': 'scale', 'kernel': 'linear'}",0.9922982131854591,0.9935304990757856,0.9941448382126348,0.9950708564386938,0.9886013555144794,0.9916795069337442,0.9901417128773875,0.9944547134935305,0.9932203389830508,0.9922982131854591,0.9938385705483672,0.9901386748844376,0.9941466420209488,0.9929143561306223,0.9938366718027735,0.9926876775524918,0.001784025515750932,29
1.2040048440297444,0.08007430051886917,0.1969059944152832,0.003933548237444014,10,ovo,auto,linear,"{'C': 10, 'decision_function_shape': 'ovo', 'gamma': 'auto', 'kernel': 'linear'}",0.9922982131854591,0.9935304990757856,0.9941448382126348,0.9950708564386938,0.9886013555144794,0.9916795069337442,0.9901417128773875,0.9944547134935305,0.9932203389830508,0.9922982131854591,0.9938385705483672,0.9901386748844376,0.9941466420209488,0.9929143561306223,0.9938366718027735,0.9926876775524918,0.001784025515750932,29
1.4382678667704265,0.05923851324728019,0.1824260711669922,0.013851816426233123,10,ovr,0.1,linear,"{'C': 10, 'decision_function_shape': 'ovr', 'gamma': 0.1, 'kernel': 'linear'}",0.9922982131854591,0.9935304990757856,0.9941448382126348,0.9950708564386938,0.9886013555144794,0.9916795069337442,0.9901417128773875,0.9944547134935305,0.9932203389830508,0.9922982131854591,0.9938385705483672,0.9901386748844376,0.9941466420209488,0.9929143561306223,0.9938366718027735,0.9926876775524918,0.001784025515750932,29
1.264263661702474,0.08737352025196281,0.19197160402933758,0.004311708098283354,10,ovr,0.01,linear,"{'C': 10, 'decision_function_shape': 'ovr', 'gamma': 0.01, 'kernel': 'linear'}",0.9922982131854591,0.9935304990757856,0.9941448382126348,0.9950708564386938,0.9886013555144794,0.9916795069337442,0.9901417128773875,0.9944547134935305,0.9932203389830508,0.9922982131854591,0.9938385705483672,0.9901386748844376,0.9941466420209488,0.9929143561306223,0.9938366718027735,0.9926876775524918,0.001784025515750932,29
1.177739191055298,0.08315817568180842,0.19424883524576822,0.008346513029210327,10,ovr,0.001,linear,"{'C': 10, 'decision_function_shape': 'ovr', 'gamma': 0.001, 'kernel': 'linear'}",0.9922982131854591,0.9935304990757856,0.9941448382126348,0.9950708564386938,0.9886013555144794,0.9916795069337442,0.9901417128773875,0.9944547134935305,0.9932203389830508,0.9922982131854591,0.9938385705483672,0.9901386748844376,0.9941466420209488,0.9929143561306223,0.9938366718027735,0.9926876775524918,0.001784025515750932,29
1.568556547164917,0.18084398874935692,0.1935471216837565,0.01044735612563624,10,ovr,scale,linear,"{'C': 10, 'decision_function_shape': 'ovr', 'gamma': 'scale', 'kernel': 'linear'}",0.9922982131854591,0.9935304990757856,0.9941448382126348,0.9950708564386938,0.9886013555144794,0.9916795069337442,0.9901417128773875,0.9944547134935305,0.9932203389830508,0.9922982131854591,0.9938385705483672,0.9901386748844376,0.9941466420209488,0.9929143561306223,0.9938366718027735,0.9926876775524918,0.001784025515750932,29
1.178250996271769,0.06502008787807166,0.191109561920166,0.004493402854626426,10,ovr,auto,linear,"{'C': 10, 'decision_function_shape': 'ovr', 'gamma': 'auto', 'kernel': 'linear'}",0.9922982131854591,0.9935304990757856,0.9941448382126348,0.9950708564386938,0.9886013555144794,0.9916795069337442,0.9901417128773875,0.9944547134935305,0.9932203389830508,0.9922982131854591,0.9938385705483672,0.9901386748844376,0.9941466420209488,0.9929143561306223,0.9938366718027735,0.9926876775524918,0.001784025515750932,29
1.2632237911224364,0.07963422010875207,0.1920488993326823,0.004947635590993484,10,ovr,0.0001,linear,"{'C': 10, 'decision_function_shape': 'ovr', 'gamma': 0.0001, 'kernel': 'linear'}",0.9922982131854591,0.9935304990757856,0.9941448382126348,0.9950708564386938,0.9886013555144794,0.9916795069337442,0.9901417128773875,0.9944547134935305,0.9932203389830508,0.9922982131854591,0.9938385705483672,0.9901386748844376,0.9941466420209488,0.9929143561306223,0.9938366718027735,0.9926876775524918,0.001784025515750932,29
2.153103558222453,0.08184714745552812,0.6712869167327881,0.020735585109956694,10,ovo,auto,rbf,"{'C': 10, 'decision_function_shape': 'ovo', 'gamma': 'auto', 'kernel': 'rbf'}",0.9907578558225508,0.9916820702402958,0.9956856702619414,0.9935304990757856,0.9926062846580407,0.9916795069337442,0.9913739987677141,0.9941466420209488,0.9926040061633282,0.9916820702402958,0.9947627849661121,0.988597842835131,0.9929143561306223,0.9922982131854591,0.9941448382126348,0.992564442634307,0.0017021706611841504,43
2.119225184122721,0.09268078428743014,0.6558555603027344,0.0072987848666343875,10,ovr,auto,rbf,"{'C': 10, 'decision_function_shape': 'ovr', 'gamma': 'auto', 'kernel': 'rbf'}",0.9907578558225508,0.9916820702402958,0.9956856702619414,0.9935304990757856,0.9926062846580407,0.9916795069337442,0.9913739987677141,0.9941466420209488,0.9926040061633282,0.9916820702402958,0.9947627849661121,0.988597842835131,0.9929143561306223,0.9922982131854591,0.9941448382126348,0.992564442634307,0.0017021706611841504,43
2.171831480662028,0.10138927803282893,0.6538074652353922,0.01844286203337344,10,ovo,0.01,rbf,"{'C': 10, 'decision_function_shape': 'ovo', 'gamma': 0.01, 'kernel': 'rbf'}",0.9907578558225508,0.9926062846580407,0.9947611710323575,0.9922982131854591,0.9932224276032039,0.9919876733436055,0.9901417128773875,0.9938385705483672,0.9935285053929122,0.9913739987677141,0.9956869993838571,0.9882896764252697,0.9929143561306223,0.9922982131854591,0.9944530046224962,0.9925439108652869,0.0018356624588169496,45
2.1437350273132325,0.0981868275254715,0.6423928101857503,0.01515396726928449,10,ovr,0.01,rbf,"{'C': 10, 'decision_function_shape': 'ovr', 'gamma': 0.01, 'kernel': 'rbf'}",0.9907578558225508,0.9926062846580407,0.9947611710323575,0.9922982131854591,0.9932224276032039,0.9919876733436055,0.9901417128773875,0.9938385705483672,0.9935285053929122,0.9913739987677141,0.9956869993838571,0.9882896764252697,0.9929143561306223,0.9922982131854591,0.9944530046224962,0.9925439108652869,0.0018356624588169496,45
2.1378682295481366,0.11516478697218516,0.6727591673533122,0.017832557102698904,10,ovo,scale,rbf,"{'C': 10, 'decision_function_shape': 'ovo', 'gamma': 'scale', 'kernel': 'rbf'}",0.9907578558225508,0.9913739987677141,0.9953775038520801,0.9922982131854591,0.9926062846580407,0.9922958397534669,0.9916820702402958,0.9941466420209488,0.9929121725731895,0.9916820702402958,0.9944547134935305,0.9889060092449923,0.9929143561306223,0.9916820702402958,0.9941448382126348,0.9924823092290747,0.0015742760541451182,47
2.1333674589792886,0.09527560015845671,0.659033457438151,0.012739641002574945,10,ovr,scale,rbf,"{'C': 10, 'decision_function_shape': 'ovr', 'gamma': 'scale', 'kernel': 'rbf'}",0.9907578558225508,0.9913739987677141,0.9953775038520801,0.9922982131854591,0.9926062846580407,0.9922958397534669,0.9916820702402958,0.9941466420209488,0.9929121725731895,0.9916820702402958,0.9944547134935305,0.9889060092449923,0.9929143561306223,0.9916820702402958,0.9941448382126348,0.9924823092290747,0.0015742760541451182,47
1.4924862543741861,0.058125581951922585,0.5116129239400228,0.007952744447235902,100,ovo,0.001,rbf,"{'C': 100, 'decision_function_shape': 'ovo', 'gamma': 0.001, 'kernel': 'rbf'}",0.9898336414048059,0.9916820702402958,0.9956856702619414,0.9932224276032039,0.9904497843499692,0.9910631741140216,0.9901417128773875,0.9929143561306223,0.9910631741140216,0.9898336414048059,0.9938385705483672,0.9895223420647149,0.9935304990757856,0.9916820702402958,0.9926040061633282,0.9918044760395711,0.0017275713512893917,49
1.5129315535227457,0.06950243163304538,0.5036823590596516,0.006095035576198839,100,ovr,0.001,rbf,"{'C': 100, 'decision_function_shape': 'ovr', 'gamma': 0.001, 'kernel': 'rbf'}",0.9898336414048059,0.9916820702402958,0.9956856702619414,0.9932224276032039,0.9904497843499692,0.9910631741140216,0.9901417128773875,0.9929143561306223,0.9910631741140216,0.9898336414048059,0.9938385705483672,0.9895223420647149,0.9935304990757856,0.9916820702402958,0.9926040061633282,0.9918044760395711,0.0017275713512893917,49
1.2449072043100993,0.08094533334299651,0.19289450645446776,0.008016039220481613,100,ovr,0.001,linear,"{'C': 100, 'decision_function_shape': 'ovr', 'gamma': 0.001, 'kernel': 'linear'}",0.9916820702402958,0.9919901417128774,0.9932203389830508,0.9947627849661121,0.9867529266789895,0.9919876733436055,0.9898336414048059,0.9938385705483672,0.9913713405238829,0.9916820702402958,0.9913739987677141,0.9870570107858243,0.9932224276032039,0.9901417128773875,0.9932203389830508,0.9914758031772977,0.0021979555801592255,51
1.3228549798329672,0.10286991581839453,0.18994892438252767,0.004059211393888492,100,ovr,0.01,linear,"{'C': 100, 'decision_function_shape': 'ovr', 'gamma': 0.01, 'kernel': 'linear'}",0.9916820702402958,0.9919901417128774,0.9932203389830508,0.9947627849661121,0.9867529266789895,0.9919876733436055,0.9898336414048059,0.9938385705483672,0.9913713405238829,0.9916820702402958,0.9913739987677141,0.9870570107858243,0.9932224276032039,0.9901417128773875,0.9932203389830508,0.9914758031772977,0.0021979555801592255,51
1.3316184838612874,0.1013903681850052,0.18849932352701823,0.004248466955347367,100,ovo,scale,linear,"{'C': 100, 'decision_function_shape': 'ovo', 'gamma': 'scale', 'kernel': 'linear'}",0.9916820702402958,0.9919901417128774,0.9932203389830508,0.9947627849661121,0.9867529266789895,0.9919876733436055,0.9898336414048059,0.9938385705483672,0.9913713405238829,0.9916820702402958,0.9913739987677141,0.9870570107858243,0.9932224276032039,0.9901417128773875,0.9932203389830508,0.9914758031772977,0.0021979555801592255,51
1.265125068028768,0.08056125709079552,0.19667205810546876,0.01628536347856989,100,ovr,auto,linear,"{'C': 100, 'decision_function_shape': 'ovr', 'gamma': 'auto', 'kernel': 'linear'}",0.9916820702402958,0.9919901417128774,0.9932203389830508,0.9947627849661121,0.9867529266789895,0.9919876733436055,0.9898336414048059,0.9938385705483672,0.9913713405238829,0.9916820702402958,0.9913739987677141,0.9870570107858243,0.9932224276032039,0.9901417128773875,0.9932203389830508,0.9914758031772977,0.0021979555801592255,51
1.5724602540334065,0.13107466363774548,0.18297986984252929,0.015584889380924418,100,ovr,0.1,linear,"{'C': 100, 'decision_function_shape': 'ovr', 'gamma': 0.1, 'kernel': 'linear'}",0.9916820702402958,0.9919901417128774,0.9932203389830508,0.9947627849661121,0.9867529266789895,0.9919876733436055,0.9898336414048059,0.9938385705483672,0.9913713405238829,0.9916820702402958,0.9913739987677141,0.9870570107858243,0.9932224276032039,0.9901417128773875,0.9932203389830508,0.9914758031772977,0.0021979555801592255,51
1.280768903096517,0.10743840001328869,0.18868300120035808,0.004974144969512865,100,ovr,0.0001,linear,"{'C': 100, 'decision_function_shape': 'ovr', 'gamma': 0.0001, 'kernel': 'linear'}",0.9916820702402958,0.9919901417128774,0.9932203389830508,0.9947627849661121,0.9867529266789895,0.9919876733436055,0.9898336414048059,0.9938385705483672,0.9913713405238829,0.9916820702402958,0.9913739987677141,0.9870570107858243,0.9932224276032039,0.9901417128773875,0.9932203389830508,0.9914758031772977,0.0021979555801592255,51
1.2693280220031737,0.1167034648392916,0.16522219975789387,0.0049799930479363244,100,ovr,scale,linear,"{'C': 100, 'decision_function_shape': 'ovr', 'gamma': 'scale', 'kernel': 'linear'}",0.9916820702402958,0.9919901417128774,0.9932203389830508,0.9947627849661121,0.9867529266789895,0.9919876733436055,0.9898336414048059,0.9938385705483672,0.9913713405238829,0.9916820702402958,0.9913739987677141,0.9870570107858243,0.9932224276032039,0.9901417128773875,0.9932203389830508,0.9914758031772977,0.0021979555801592255,51
1.5557632128397623,0.1149530323273026,0.17812485694885255,0.01269194584791505,100,ovo,0.1,linear,"{'C': 100, 'decision_function_shape': 'ovo', 'gamma': 0.1, 'kernel': 'linear'}",0.9916820702402958,0.9919901417128774,0.9932203389830508,0.9947627849661121,0.9867529266789895,0.9919876733436055,0.9898336414048059,0.9938385705483672,0.9913713405238829,0.9916820702402958,0.9913739987677141,0.9870570107858243,0.9932224276032039,0.9901417128773875,0.9932203389830508,0.9914758031772977,0.0021979555801592255,51
1.2453714847564696,0.08544927942009174,0.18947176933288573,0.005465437416000418,100,ovo,0.0001,linear,"{'C': 100, 'decision_function_shape': 'ovo', 'gamma': 0.0001, 'kernel': 'linear'}",0.9916820702402958,0.9919901417128774,0.9932203389830508,0.9947627849661121,0.9867529266789895,0.9919876733436055,0.9898336414048059,0.9938385705483672,0.9913713405238829,0.9916820702402958,0.9913739987677141,0.9870570107858243,0.9932224276032039,0.9901417128773875,0.9932203389830508,0.9914758031772977,0.0021979555801592255,51
1.2849577903747558,0.08681836447180777,0.1923964023590088,0.005673598405046738,100,ovo,0.001,linear,"{'C': 100, 'decision_function_shape': 'ovo', 'gamma': 0.001, 'kernel': 'linear'}",0.9916820702402958,0.9919901417128774,0.9932203389830508,0.9947627849661121,0.9867529266789895,0.9919876733436055,0.9898336414048059,0.9938385705483672,0.9913713405238829,0.9916820702402958,0.9913739987677141,0.9870570107858243,0.9932224276032039,0.9901417128773875,0.9932203389830508,0.9914758031772977,0.0021979555801592255,51
1.3126510461171468,0.11083758475312833,0.19064558347066243,0.007064830518701211,100,ovo,0.01,linear,"{'C': 100, 'decision_function_shape': 'ovo', 'gamma': 0.01, 'kernel': 'linear'}",0.9916820702402958,0.9919901417128774,0.9932203389830508,0.9947627849661121,0.9867529266789895,0.9919876733436055,0.9898336414048059,0.9938385705483672,0.9913713405238829,0.9916820702402958,0.9913739987677141,0.9870570107858243,0.9932224276032039,0.9901417128773875,0.9932203389830508,0.9914758031772977,0.0021979555801592255,51
1.2518511613210042,0.10688668273042959,0.18911361694335938,0.0052865392713971745,100,ovo,1,linear,"{'C': 100, 'decision_function_shape': 'ovo', 'gamma': 1, 'kernel': 'linear'}",0.9916820702402958,0.9919901417128774,0.9932203389830508,0.9947627849661121,0.9867529266789895,0.9919876733436055,0.9898336414048059,0.9938385705483672,0.9913713405238829,0.9916820702402958,0.9913739987677141,0.9870570107858243,0.9932224276032039,0.9901417128773875,0.9932203389830508,0.9914758031772977,0.0021979555801592255,51
1.2487680276234945,0.07987165368472894,0.19058480262756347,0.006123254240629659,100,ovr,1,linear,"{'C': 100, 'decision_function_shape': 'ovr', 'gamma': 1, 'kernel': 'linear'}",0.9916820702402958,0.9919901417128774,0.9932203389830508,0.9947627849661121,0.9867529266789895,0.9919876733436055,0.9898336414048059,0.9938385705483672,0.9913713405238829,0.9916820702402958,0.9913739987677141,0.9870570107858243,0.9932224276032039,0.9901417128773875,0.9932203389830508,0.9914758031772977,0.0021979555801592255,51
1.2244516531626384,0.07437794757071292,0.1920127550760905,0.009176119474807514,100,ovo,auto,linear,"{'C': 100, 'decision_function_shape': 'ovo', 'gamma': 'auto', 'kernel': 'linear'}",0.9916820702402958,0.9919901417128774,0.9932203389830508,0.9947627849661121,0.9867529266789895,0.9919876733436055,0.9898336414048059,0.9938385705483672,0.9913713405238829,0.9916820702402958,0.9913739987677141,0.9870570107858243,0.9932224276032039,0.9901417128773875,0.9932203389830508,0.9914758031772977,0.0021979555801592255,51
1.2241549809773764,0.08599318313181754,0.190171480178833,0.004363677805360118,1000,ovo,0.001,linear,"{'C': 1000, 'decision_function_shape': 'ovo', 'gamma': 0.001, 'kernel': 'linear'}",0.9916820702402958,0.9919901417128774,0.9932203389830508,0.9950708564386938,0.9864448552064079,0.9919876733436055,0.9882932840418978,0.9938385705483672,0.9913713405238829,0.9910659272951324,0.9910659272951324,0.9870570107858243,0.9922982131854591,0.9898336414048059,0.9932203389830508,0.9912293459992321,0.002351402791377927,65
1.2281964778900147,0.08677096090171428,0.1892414093017578,0.005091414173209239,1000,ovr,0.001,linear,"{'C': 1000, 'decision_function_shape': 'ovr', 'gamma': 0.001, 'kernel': 'linear'}",0.9916820702402958,0.9919901417128774,0.9932203389830508,0.9950708564386938,0.9864448552064079,0.9919876733436055,0.9882932840418978,0.9938385705483672,0.9913713405238829,0.9910659272951324,0.9910659272951324,0.9870570107858243,0.9922982131854591,0.9898336414048059,0.9932203389830508,0.9912293459992321,0.002351402791377927,65
1.238621473312378,0.09470917134649084,0.1896084944407145,0.006022794905027653,1000,ovo,0.0001,linear,"{'C': 1000, 'decision_function_shape': 'ovo', 'gamma': 0.0001, 'kernel': 'linear'}",0.9916820702402958,0.9919901417128774,0.9932203389830508,0.9950708564386938,0.9864448552064079,0.9919876733436055,0.9882932840418978,0.9938385705483672,0.9913713405238829,0.9910659272951324,0.9910659272951324,0.9870570107858243,0.9922982131854591,0.9898336414048059,0.9932203389830508,0.9912293459992321,0.002351402791377927,65
1.2533053716023763,0.09635162798188521,0.1899282455444336,0.004860765985401303,1000,ovo,scale,linear,"{'C': 1000, 'decision_function_shape': 'ovo', 'gamma': 'scale', 'kernel': 'linear'}",0.9916820702402958,0.9919901417128774,0.9932203389830508,0.9950708564386938,0.9864448552064079,0.9919876733436055,0.9882932840418978,0.9938385705483672,0.9913713405238829,0.9910659272951324,0.9910659272951324,0.9870570107858243,0.9922982131854591,0.9898336414048059,0.9932203389830508,0.9912293459992321,0.002351402791377927,65
1.2395017623901368,0.07944801335915293,0.18973720868428548,0.005675642494119286,1000,ovo,1,linear,"{'C': 1000, 'decision_function_shape': 'ovo', 'gamma': 1, 'kernel': 'linear'}",0.9916820702402958,0.9919901417128774,0.9932203389830508,0.9950708564386938,0.9864448552064079,0.9919876733436055,0.9882932840418978,0.9938385705483672,0.9913713405238829,0.9910659272951324,0.9910659272951324,0.9870570107858243,0.9922982131854591,0.9898336414048059,0.9932203389830508,0.9912293459992321,0.002351402791377927,65
1.5745364665985107,0.12407896787670404,0.17806474367777506,0.010155355082510578,1000,ovo,0.1,linear,"{'C': 1000, 'decision_function_shape': 'ovo', 'gamma': 0.1, 'kernel': 'linear'}",0.9916820702402958,0.9919901417128774,0.9932203389830508,0.9950708564386938,0.9864448552064079,0.9919876733436055,0.9882932840418978,0.9938385705483672,0.9913713405238829,0.9910659272951324,0.9910659272951324,0.9870570107858243,0.9922982131854591,0.9898336414048059,0.9932203389830508,0.9912293459992321,0.002351402791377927,65
1.3134497324625651,0.10888773692272324,0.18962321281433106,0.00653191539426455,1000,ovo,0.01,linear,"{'C': 1000, 'decision_function_shape': 'ovo', 'gamma': 0.01, 'kernel': 'linear'}",0.9916820702402958,0.9919901417128774,0.9932203389830508,0.9950708564386938,0.9864448552064079,0.9919876733436055,0.9882932840418978,0.9938385705483672,0.9913713405238829,0.9910659272951324,0.9910659272951324,0.9870570107858243,0.9922982131854591,0.9898336414048059,0.9932203389830508,0.9912293459992321,0.002351402791377927,65
1.3106324036916097,0.11292937015424298,0.1878528118133545,0.004223745278880526,1000,ovr,0.01,linear,"{'C': 1000, 'decision_function_shape': 'ovr', 'gamma': 0.01, 'kernel': 'linear'}",0.9916820702402958,0.9919901417128774,0.9932203389830508,0.9950708564386938,0.9864448552064079,0.9919876733436055,0.9882932840418978,0.9938385705483672,0.9913713405238829,0.9910659272951324,0.9910659272951324,0.9870570107858243,0.9922982131854591,0.9898336414048059,0.9932203389830508,0.9912293459992321,0.002351402791377927,65
1.2383732318878173,0.09913642696793797,0.19169321060180664,0.006642372088260852,1000,ovo,auto,linear,"{'C': 1000, 'decision_function_shape': 'ovo', 'gamma': 'auto', 'kernel': 'linear'}",0.9916820702402958,0.9919901417128774,0.9932203389830508,0.9950708564386938,0.9864448552064079,0.9919876733436055,0.9882932840418978,0.9938385705483672,0.9913713405238829,0.9910659272951324,0.9910659272951324,0.9870570107858243,0.9922982131854591,0.9898336414048059,0.9932203389830508,0.9912293459992321,0.002351402791377927,65
1.2426700909932455,0.10109520676597172,0.19019606908162434,0.007401816089497307,1000,ovr,1,linear,"{'C': 1000, 'decision_function_shape': 'ovr', 'gamma': 1, 'kernel': 'linear'}",0.9916820702402958,0.9919901417128774,0.9932203389830508,0.9950708564386938,0.9864448552064079,0.9919876733436055,0.9882932840418978,0.9938385705483672,0.9913713405238829,0.9910659272951324,0.9910659272951324,0.9870570107858243,0.9922982131854591,0.9898336414048059,0.9932203389830508,0.9912293459992321,0.002351402791377927,65
1.2661996046702066,0.0917764101506506,0.1899108091990153,0.004964682037993631,1000,ovr,scale,linear,"{'C': 1000, 'decision_function_shape': 'ovr', 'gamma': 'scale', 'kernel': 'linear'}",0.9916820702402958,0.9919901417128774,0.9932203389830508,0.9950708564386938,0.9864448552064079,0.9919876733436055,0.9882932840418978,0.9938385705483672,0.9913713405238829,0.9910659272951324,0.9910659272951324,0.9870570107858243,0.9922982131854591,0.9898336414048059,0.9932203389830508,0.9912293459992321,0.002351402791377927,65
1.604205862681071,0.13277512022039664,0.18205140431722006,0.016213396647291333,1000,ovr,0.1,linear,"{'C': 1000, 'decision_function_shape': 'ovr', 'gamma': 0.1, 'kernel': 'linear'}",0.9916820702402958,0.9919901417128774,0.9932203389830508,0.9950708564386938,0.9864448552064079,0.9919876733436055,0.9882932840418978,0.9938385705483672,0.9913713405238829,0.9910659272951324,0.9910659272951324,0.9870570107858243,0.9922982131854591,0.9898336414048059,0.9932203389830508,0.9912293459992321,0.002351402791377927,65
1.2385581493377686,0.08822482480847521,0.18890256881713868,0.004193491771294241,1000,ovr,auto,linear,"{'C': 1000, 'decision_function_shape': 'ovr', 'gamma': 'auto', 'kernel': 'linear'}",0.9916820702402958,0.9919901417128774,0.9932203389830508,0.9950708564386938,0.9864448552064079,0.9919876733436055,0.9882932840418978,0.9938385705483672,0.9913713405238829,0.9910659272951324,0.9910659272951324,0.9870570107858243,0.9922982131854591,0.9898336414048059,0.9932203389830508,0.9912293459992321,0.002351402791377927,65
1.2327313899993897,0.07895967350450456,0.18843944867451987,0.004081501193873084,1000,ovr,0.0001,linear,"{'C': 1000, 'decision_function_shape': 'ovr', 'gamma': 0.0001, 'kernel': 'linear'}",0.9916820702402958,0.9919901417128774,0.9932203389830508,0.9950708564386938,0.9864448552064079,0.9919876733436055,0.9882932840418978,0.9938385705483672,0.9913713405238829,0.9910659272951324,0.9910659272951324,0.9870570107858243,0.9922982131854591,0.9898336414048059,0.9932203389830508,0.9912293459992321,0.002351402791377927,65
1.6449705759684246,0.09719352030970921,0.503105656305949,0.006853309010175167,1000,ovr,0.0001,rbf,"{'C': 1000, 'decision_function_shape': 'ovr', 'gamma': 0.0001, 'kernel': 'rbf'}",0.988909426987061,0.9916820702402958,0.9929121725731895,0.9922982131854591,0.9873690696241528,0.9916795069337442,0.988909426987061,0.9910659272951324,0.9913713405238829,0.9882932840418978,0.9922982131854591,0.9882896764252697,0.9913739987677141,0.9904497843499692,0.9916795069337442,0.990572107870269,0.001690189083451582,79
1.6292472203572592,0.0665037730401198,0.504631773630778,0.005993177144070813,1000,ovo,0.0001,rbf,"{'C': 1000, 'decision_function_shape': 'ovo', 'gamma': 0.0001, 'kernel': 'rbf'}",0.988909426987061,0.9916820702402958,0.9929121725731895,0.9922982131854591,0.9873690696241528,0.9916795069337442,0.988909426987061,0.9910659272951324,0.9913713405238829,0.9882932840418978,0.9922982131854591,0.9882896764252697,0.9913739987677141,0.9904497843499692,0.9916795069337442,0.990572107870269,0.001690189083451582,79
6.141514046986898,0.7017292391960237,1.0125216960906982,0.02006390967775425,10,ovr,0.1,rbf,"{'C': 10, 'decision_function_shape': 'ovr', 'gamma': 0.1, 'kernel': 'rbf'}",0.9873690696241528,0.9913739987677141,0.9873651771956856,0.9892174984596427,0.988909426987061,0.9855161787365178,0.9849044978434996,0.987985212569316,0.9889060092449923,0.9892174984596427,0.9907578558225508,0.9818181818181818,0.9895255699322243,0.9861367837338263,0.9910631741140216,0.9880044088872687,0.0024973519798907923,81
6.087323554356893,0.5009455957426143,0.9702025890350342,0.07443595344498875,10,ovo,0.1,rbf,"{'C': 10, 'decision_function_shape': 'ovo', 'gamma': 0.1, 'kernel': 'rbf'}",0.9873690696241528,0.9913739987677141,0.9873651771956856,0.9892174984596427,0.988909426987061,0.9855161787365178,0.9849044978434996,0.987985212569316,0.9889060092449923,0.9892174984596427,0.9907578558225508,0.9818181818181818,0.9895255699322243,0.9861367837338263,0.9910631741140216,0.9880044088872687,0.0024973519798907923,81
6.0727666536966955,0.5114688674731697,1.0322640419006348,0.044189046860689946,100,ovr,0.1,rbf,"{'C': 100, 'decision_function_shape': 'ovr', 'gamma': 0.1, 'kernel': 'rbf'}",0.987985212569316,0.9907578558225508,0.9870570107858243,0.9895255699322243,0.9892174984596427,0.9852080123266564,0.9842883548983364,0.987985212569316,0.9882896764252697,0.9895255699322243,0.9910659272951324,0.9818181818181818,0.9895255699322243,0.9867529266789895,0.9910631741140216,0.9880043835706608,0.0025451649657532325,83
6.067832183837891,0.5822086821324537,1.0031776110331216,0.02642577533763178,100,ovo,0.1,rbf,"{'C': 100, 'decision_function_shape': 'ovo', 'gamma': 0.1, 'kernel': 'rbf'}",0.987985212569316,0.9907578558225508,0.9870570107858243,0.9895255699322243,0.9892174984596427,0.9852080123266564,0.9842883548983364,0.987985212569316,0.9882896764252697,0.9895255699322243,0.9910659272951324,0.9818181818181818,0.9895255699322243,0.9867529266789895,0.9910631741140216,0.9880043835706608,0.0025451649657532325,83
6.05308256149292,0.5496710955596611,1.0206133842468261,0.03753260229391126,1000,ovo,0.1,rbf,"{'C': 1000, 'decision_function_shape': 'ovo', 'gamma': 0.1, 'kernel': 'rbf'}",0.987985212569316,0.9907578558225508,0.9870570107858243,0.9895255699322243,0.9892174984596427,0.9852080123266564,0.9842883548983364,0.987985212569316,0.9882896764252697,0.9895255699322243,0.9910659272951324,0.9818181818181818,0.9895255699322243,0.9867529266789895,0.9910631741140216,0.9880043835706608,0.0025451649657532325,83
6.067512051264445,0.5689094495533011,1.0283237457275392,0.027800712018301112,1000,ovr,0.1,rbf,"{'C': 1000, 'decision_function_shape': 'ovr', 'gamma': 0.1, 'kernel': 'rbf'}",0.987985212569316,0.9907578558225508,0.9870570107858243,0.9895255699322243,0.9892174984596427,0.9852080123266564,0.9842883548983364,0.987985212569316,0.9882896764252697,0.9895255699322243,0.9910659272951324,0.9818181818181818,0.9895255699322243,0.9867529266789895,0.9910631741140216,0.9880043835706608,0.0025451649657532325,83
2.495476722717285,0.35252029416473385,0.5309967994689941,0.01197096900807545,0.1,ovr,0.001,linear,"{'C': 0.1, 'decision_function_shape': 'ovr', 'gamma': 0.001, 'kernel': 'linear'}",0.9842883548983364,0.9861367837338263,0.9873651771956856,0.9882932840418978,0.9802834257547751,0.9870570107858243,0.9849044978434996,0.9873690696241528,0.986748844375963,0.9842883548983364,0.9886013555144794,0.9839753466872111,0.984596426370918,0.9830560690080099,0.9879815100154083,0.9856630340498883,0.0022234954001703468,87
2.644510094324748,0.3122961729791646,0.49394237200419105,0.027456090565252236,0.1,ovo,0.0001,linear,"{'C': 0.1, 'decision_function_shape': 'ovo', 'gamma': 0.0001, 'kernel': 'linear'}",0.9842883548983364,0.9861367837338263,0.9873651771956856,0.9882932840418978,0.9802834257547751,0.9870570107858243,0.9849044978434996,0.9873690696241528,0.986748844375963,0.9842883548983364,0.9886013555144794,0.9839753466872111,0.984596426370918,0.9830560690080099,0.9879815100154083,0.9856630340498883,0.0022234954001703468,87
2.6781985918680826,0.3686899696232845,0.5302962303161621,0.04188093932008954,0.1,ovo,1,linear,"{'C': 0.1, 'decision_function_shape': 'ovo', 'gamma': 1, 'kernel': 'linear'}",0.9842883548983364,0.9861367837338263,0.9873651771956856,0.9882932840418978,0.9802834257547751,0.9870570107858243,0.9849044978434996,0.9873690696241528,0.986748844375963,0.9842883548983364,0.9886013555144794,0.9839753466872111,0.984596426370918,0.9830560690080099,0.9879815100154083,0.9856630340498883,0.0022234954001703468,87
2.5705696741739907,0.40066389468406505,0.5195281505584717,0.03544257060104579,0.1,ovo,0.1,linear,"{'C': 0.1, 'decision_function_shape': 'ovo', 'gamma': 0.1, 'kernel': 'linear'}",0.9842883548983364,0.9861367837338263,0.9873651771956856,0.9882932840418978,0.9802834257547751,0.9870570107858243,0.9849044978434996,0.9873690696241528,0.986748844375963,0.9842883548983364,0.9886013555144794,0.9839753466872111,0.984596426370918,0.9830560690080099,0.9879815100154083,0.9856630340498883,0.0022234954001703468,87
2.7329668203989663,0.4060759427532529,0.5202821095784506,0.02249848349553821,0.1,ovr,scale,linear,"{'C': 0.1, 'decision_function_shape': 'ovr', 'gamma': 'scale', 'kernel': 'linear'}",0.9842883548983364,0.9861367837338263,0.9873651771956856,0.9882932840418978,0.9802834257547751,0.9870570107858243,0.9849044978434996,0.9873690696241528,0.986748844375963,0.9842883548983364,0.9886013555144794,0.9839753466872111,0.984596426370918,0.9830560690080099,0.9879815100154083,0.9856630340498883,0.0022234954001703468,87
2.636233854293823,0.32962686780345174,0.5359757105509441,0.044000585354005854,0.1,ovr,0.0001,linear,"{'C': 0.1, 'decision_function_shape': 'ovr', 'gamma': 0.0001, 'kernel': 'linear'}",0.9842883548983364,0.9861367837338263,0.9873651771956856,0.9882932840418978,0.9802834257547751,0.9870570107858243,0.9849044978434996,0.9873690696241528,0.986748844375963,0.9842883548983364,0.9886013555144794,0.9839753466872111,0.984596426370918,0.9830560690080099,0.9879815100154083,0.9856630340498883,0.0022234954001703468,87
2.4929089069366457,0.3501503335839241,0.5518959363301595,0.023715823267950905,0.1,ovr,0.01,linear,"{'C': 0.1, 'decision_function_shape': 'ovr', 'gamma': 0.01, 'kernel': 'linear'}",0.9842883548983364,0.9861367837338263,0.9873651771956856,0.9882932840418978,0.9802834257547751,0.9870570107858243,0.9849044978434996,0.9873690696241528,0.986748844375963,0.9842883548983364,0.9886013555144794,0.9839753466872111,0.984596426370918,0.9830560690080099,0.9879815100154083,0.9856630340498883,0.0022234954001703468,87
2.5913193225860596,0.36407346871011115,0.5168383439381917,0.0315224176724766,0.1,ovr,0.1,linear,"{'C': 0.1, 'decision_function_shape': 'ovr', 'gamma': 0.1, 'kernel': 'linear'}",0.9842883548983364,0.9861367837338263,0.9873651771956856,0.9882932840418978,0.9802834257547751,0.9870570107858243,0.9849044978434996,0.9873690696241528,0.986748844375963,0.9842883548983364,0.9886013555144794,0.9839753466872111,0.984596426370918,0.9830560690080099,0.9879815100154083,0.9856630340498883,0.0022234954001703468,87
2.5495426813761393,0.3706258133144044,0.5433384577433268,0.015010355426587728,0.1,ovr,1,linear,"{'C': 0.1, 'decision_function_shape': 'ovr', 'gamma': 1, 'kernel': 'linear'}",0.9842883548983364,0.9861367837338263,0.9873651771956856,0.9882932840418978,0.9802834257547751,0.9870570107858243,0.9849044978434996,0.9873690696241528,0.986748844375963,0.9842883548983364,0.9886013555144794,0.9839753466872111,0.984596426370918,0.9830560690080099,0.9879815100154083,0.9856630340498883,0.0022234954001703468,87
2.5928002993265786,0.3712342388836506,0.5422122319539388,0.020911390604145902,0.1,ovo,auto,linear,"{'C': 0.1, 'decision_function_shape': 'ovo', 'gamma': 'auto', 'kernel': 'linear'}",0.9842883548983364,0.9861367837338263,0.9873651771956856,0.9882932840418978,0.9802834257547751,0.9870570107858243,0.9849044978434996,0.9873690696241528,0.986748844375963,0.9842883548983364,0.9886013555144794,0.9839753466872111,0.984596426370918,0.9830560690080099,0.9879815100154083,0.9856630340498883,0.0022234954001703468,87
2.6713942527770995,0.3985819043808597,0.5179463545481364,0.03834611945193932,0.1,ovo,scale,linear,"{'C': 0.1, 'decision_function_shape': 'ovo', 'gamma': 'scale', 'kernel': 'linear'}",0.9842883548983364,0.9861367837338263,0.9873651771956856,0.9882932840418978,0.9802834257547751,0.9870570107858243,0.9849044978434996,0.9873690696241528,0.986748844375963,0.9842883548983364,0.9886013555144794,0.9839753466872111,0.984596426370918,0.9830560690080099,0.9879815100154083,0.9856630340498883,0.0022234954001703468,87
2.532499599456787,0.39024692376771036,0.5414250055948894,0.018345189935032744,0.1,ovr,auto,linear,"{'C': 0.1, 'decision_function_shape': 'ovr', 'gamma': 'auto', 'kernel': 'linear'}",0.9842883548983364,0.9861367837338263,0.9873651771956856,0.9882932840418978,0.9802834257547751,0.9870570107858243,0.9849044978434996,0.9873690696241528,0.986748844375963,0.9842883548983364,0.9886013555144794,0.9839753466872111,0.984596426370918,0.9830560690080099,0.9879815100154083,0.9856630340498883,0.0022234954001703468,87
2.5532853603363037,0.355119601820763,0.5131778558095296,0.047131832731598496,0.1,ovo,0.001,linear,"{'C': 0.1, 'decision_function_shape': 'ovo', 'gamma': 0.001, 'kernel': 'linear'}",0.9842883548983364,0.9861367837338263,0.9873651771956856,0.9882932840418978,0.9802834257547751,0.9870570107858243,0.9849044978434996,0.9873690696241528,0.986748844375963,0.9842883548983364,0.9886013555144794,0.9839753466872111,0.984596426370918,0.9830560690080099,0.9879815100154083,0.9856630340498883,0.0022234954001703468,87
2.4866195996602376,0.35982339513312883,0.536905066172282,0.017822339185609815,0.1,ovo,0.01,linear,"{'C': 0.1, 'decision_function_shape': 'ovo', 'gamma': 0.01, 'kernel': 'linear'}",0.9842883548983364,0.9861367837338263,0.9873651771956856,0.9882932840418978,0.9802834257547751,0.9870570107858243,0.9849044978434996,0.9873690696241528,0.986748844375963,0.9842883548983364,0.9886013555144794,0.9839753466872111,0.984596426370918,0.9830560690080099,0.9879815100154083,0.9856630340498883,0.0022234954001703468,87
6.637256129582723,0.4201034743826849,1.1960229714711508,0.09071797396178855,1,ovr,0.1,rbf,"{'C': 1, 'decision_function_shape': 'ovr', 'gamma': 0.1, 'kernel': 'rbf'}",0.9833641404805915,0.9876771410967344,0.9830508474576272,0.9849044978434996,0.9858287122612446,0.9836671802773498,0.9793592113370302,0.9849044978434996,0.9864406779661017,0.9842883548983364,0.9873690696241528,0.9808936825885979,0.987985212569316,0.9824399260628466,0.9879815100154083,0.9846769774881557,0.002527030849751136,101
6.60947265625,0.37072094249408755,1.2566802024841308,0.11336723345575576,1,ovo,0.1,rbf,"{'C': 1, 'decision_function_shape': 'ovo', 'gamma': 0.1, 'kernel': 'rbf'}",0.9833641404805915,0.9876771410967344,0.9830508474576272,0.9849044978434996,0.9858287122612446,0.9836671802773498,0.9793592113370302,0.9849044978434996,0.9864406779661017,0.9842883548983364,0.9873690696241528,0.9808936825885979,0.987985212569316,0.9824399260628466,0.9879815100154083,0.9846769774881557,0.002527030849751136,101
3.9856346607208253,0.1374556258848867,1.2686420599619548,0.07248352118080435,10,ovr,0.001,rbf,"{'C': 10, 'decision_function_shape': 'ovr', 'gamma': 0.001, 'kernel': 'rbf'}",0.9738139248305607,0.9772027110289587,0.9775038520801232,0.9784349969192853,0.9704251386321626,0.9725731895223421,0.9796672828096118,0.9768946395563771,0.9750385208012327,0.9741219963031423,0.9799753542821935,0.9750385208012327,0.9747381392483057,0.9741219963031423,0.9808936825885979,0.9760295963804845,0.002848637997253953,103
3.955392583211263,0.15183384424210036,1.2336475690205893,0.05878402526167677,10,ovo,0.001,rbf,"{'C': 10, 'decision_function_shape': 'ovo', 'gamma': 0.001, 'kernel': 'rbf'}",0.9738139248305607,0.9772027110289587,0.9775038520801232,0.9784349969192853,0.9704251386321626,0.9725731895223421,0.9796672828096118,0.9768946395563771,0.9750385208012327,0.9741219963031423,0.9799753542821935,0.9750385208012327,0.9747381392483057,0.9741219963031423,0.9808936825885979,0.9760295963804845,0.002848637997253953,103
4.784541972478231,0.1608649028083609,1.6328440348307292,0.14112889668723322,1,ovo,0.01,rbf,"{'C': 1, 'decision_function_shape': 'ovo', 'gamma': 0.01, 'kernel': 'rbf'}",0.9759704251386322,0.973505853357979,0.9790446841294299,0.9784349969192853,0.9707332101047443,0.9701078582434515,0.9793592113370302,0.9765865680837954,0.9756548536209553,0.9725816389402341,0.9824399260628466,0.9722650231124808,0.9750462107208873,0.9759704251386322,0.9793528505392912,0.9758035823633118,0.0034088731498482278,105
4.743757422765096,0.17915927957451927,1.5277226924896241,0.1253022387979347,1,ovr,0.01,rbf,"{'C': 1, 'decision_function_shape': 'ovr', 'gamma': 0.01, 'kernel': 'rbf'}",0.9759704251386322,0.973505853357979,0.9790446841294299,0.9784349969192853,0.9707332101047443,0.9701078582434515,0.9793592113370302,0.9765865680837954,0.9756548536209553,0.9725816389402341,0.9824399260628466,0.9722650231124808,0.9750462107208873,0.9759704251386322,0.9793528505392912,0.9758035823633118,0.0034088731498482278,105
4.011889425913493,0.160322347619367,1.134541893005371,0.10101484143257412,100,ovr,0.0001,rbf,"{'C': 100, 'decision_function_shape': 'ovr', 'gamma': 0.0001, 'kernel': 'rbf'}",0.9722735674676525,0.9753542821934689,0.9759630200308166,0.9762784966112138,0.967652495378928,0.9738058551617874,0.9765865680837954,0.9765865680837954,0.9731895223420647,0.9710412815773259,0.9775107825015403,0.9747303543913713,0.9719654959950709,0.9713493530499075,0.9793528505392912,0.9742426995605353,0.0029299979366157187,107
4.078818130493164,0.1881399584660238,1.2242002487182617,0.07444993983747605,100,ovo,0.0001,rbf,"{'C': 100, 'decision_function_shape': 'ovo', 'gamma': 0.0001, 'kernel': 'rbf'}",0.9722735674676525,0.9753542821934689,0.9759630200308166,0.9762784966112138,0.967652495378928,0.9738058551617874,0.9765865680837954,0.9765865680837954,0.9731895223420647,0.9710412815773259,0.9775107825015403,0.9747303543913713,0.9719654959950709,0.9713493530499075,0.9793528505392912,0.9742426995605353,0.0029299979366157187,107
5.207172489166259,0.188664192248149,1.7035070101420084,0.16021235517617424,1,ovr,scale,rbf,"{'C': 1, 'decision_function_shape': 'ovr', 'gamma': 'scale', 'kernel': 'rbf'}",0.9759704251386322,0.9645717806531116,0.9771956856702619,0.9747381392483057,0.9695009242144177,0.9627118644067797,0.9753542821934689,0.9682686383240912,0.9738058551617874,0.9719654959950709,0.9762784966112138,0.9697996918335902,0.9728897104128158,0.9747381392483057,0.9691833590138675,0.971798165875048,0.004204323022888923,109
5.199897495905558,0.2255809951752011,1.5733980019887288,0.057086802205113266,1,ovo,scale,rbf,"{'C': 1, 'decision_function_shape': 'ovo', 'gamma': 'scale', 'kernel': 'rbf'}",0.9759704251386322,0.9645717806531116,0.9771956856702619,0.9747381392483057,0.9695009242144177,0.9627118644067797,0.9753542821934689,0.9682686383240912,0.9738058551617874,0.9719654959950709,0.9762784966112138,0.9697996918335902,0.9728897104128158,0.9747381392483057,0.9691833590138675,0.971798165875048,0.004204323022888923,109
4.994419495264689,0.2521810707663667,1.5696916262308755,0.1435670234770712,1,ovr,auto,rbf,"{'C': 1, 'decision_function_shape': 'ovr', 'gamma': 'auto', 'kernel': 'rbf'}",0.9759704251386322,0.9654959950708565,0.9775038520801232,0.9756623536660505,0.9695009242144177,0.9614791987673343,0.9738139248305607,0.9695009242144177,0.973497688751926,0.9716574245224893,0.9772027110289587,0.9685670261941448,0.9728897104128158,0.9747381392483057,0.9688751926040061,0.9717570327163358,0.004371283382067697,111
5.0386971155802405,0.20487485373370434,1.6715488274892172,0.2246695840209125,1,ovo,auto,rbf,"{'C': 1, 'decision_function_shape': 'ovo', 'gamma': 'auto', 'kernel': 'rbf'}",0.9759704251386322,0.9654959950708565,0.9775038520801232,0.9756623536660505,0.9695009242144177,0.9614791987673343,0.9738139248305607,0.9695009242144177,0.973497688751926,0.9716574245224893,0.9772027110289587,0.9685670261941448,0.9728897104128158,0.9747381392483057,0.9688751926040061,0.9717570327163358,0.004371283382067697,111
5.874912246068319,0.7691733881444618,1.2669198830922446,0.16239266322183774,0.01,ovo,scale,linear,"{'C': 0.01, 'decision_function_shape': 'ovo', 'gamma': 'scale', 'kernel': 'linear'}",0.9670363524337646,0.9617991373998768,0.9725731895223421,0.9673444239063462,0.9710412815773259,0.9568567026194145,0.9679605668515096,0.9599507085643869,0.9682588597842835,0.9691928527418361,0.9698089956869994,0.9639445300462249,0.967652495378928,0.9685767097966729,0.9614791987673343,0.9662317336718165,0.0042912328999349944,113
5.902671368916829,0.7567072346394008,1.2623703002929687,0.12947789832947512,0.01,ovr,0.0001,linear,"{'C': 0.01, 'decision_function_shape': 'ovr', 'gamma': 0.0001, 'kernel': 'linear'}",0.9670363524337646,0.9617991373998768,0.9725731895223421,0.9673444239063462,0.9710412815773259,0.9568567026194145,0.9679605668515096,0.9599507085643869,0.9682588597842835,0.9691928527418361,0.9698089956869994,0.9639445300462249,0.967652495378928,0.9685767097966729,0.9614791987673343,0.9662317336718165,0.0042912328999349944,113
5.846970240275065,0.6910975503056168,1.242115847269694,0.20099734191799168,0.01,ovr,0.001,linear,"{'C': 0.01, 'decision_function_shape': 'ovr', 'gamma': 0.001, 'kernel': 'linear'}",0.9670363524337646,0.9617991373998768,0.9725731895223421,0.9673444239063462,0.9710412815773259,0.9568567026194145,0.9679605668515096,0.9599507085643869,0.9682588597842835,0.9691928527418361,0.9698089956869994,0.9639445300462249,0.967652495378928,0.9685767097966729,0.9614791987673343,0.9662317336718165,0.0042912328999349944,113
5.820502233505249,0.7317289507099656,1.1922152201334635,0.09916438903675316,0.01,ovr,0.01,linear,"{'C': 0.01, 'decision_function_shape': 'ovr', 'gamma': 0.01, 'kernel': 'linear'}",0.9670363524337646,0.9617991373998768,0.9725731895223421,0.9673444239063462,0.9710412815773259,0.9568567026194145,0.9679605668515096,0.9599507085643869,0.9682588597842835,0.9691928527418361,0.9698089956869994,0.9639445300462249,0.967652495378928,0.9685767097966729,0.9614791987673343,0.9662317336718165,0.0042912328999349944,113
5.70060019493103,0.7650406557886166,1.2377118428548177,0.10778829080627954,0.01,ovr,0.1,linear,"{'C': 0.01, 'decision_function_shape': 'ovr', 'gamma': 0.1, 'kernel': 'linear'}",0.9670363524337646,0.9617991373998768,0.9725731895223421,0.9673444239063462,0.9710412815773259,0.9568567026194145,0.9679605668515096,0.9599507085643869,0.9682588597842835,0.9691928527418361,0.9698089956869994,0.9639445300462249,0.967652495378928,0.9685767097966729,0.9614791987673343,0.9662317336718165,0.0042912328999349944,113
5.886643664042155,0.6757381337791348,1.2463168144226073,0.1646315033179513,0.01,ovr,1,linear,"{'C': 0.01, 'decision_function_shape': 'ovr', 'gamma': 1, 'kernel': 'linear'}",0.9670363524337646,0.9617991373998768,0.9725731895223421,0.9673444239063462,0.9710412815773259,0.9568567026194145,0.9679605668515096,0.9599507085643869,0.9682588597842835,0.9691928527418361,0.9698089956869994,0.9639445300462249,0.967652495378928,0.9685767097966729,0.9614791987673343,0.9662317336718165,0.0042912328999349944,113
5.886850007375082,0.7347880683771691,1.2398256619771322,0.1288551603800437,0.01,ovo,auto,linear,"{'C': 0.01, 'decision_function_shape': 'ovo', 'gamma': 'auto', 'kernel': 'linear'}",0.9670363524337646,0.9617991373998768,0.9725731895223421,0.9673444239063462,0.9710412815773259,0.9568567026194145,0.9679605668515096,0.9599507085643869,0.9682588597842835,0.9691928527418361,0.9698089956869994,0.9639445300462249,0.967652495378928,0.9685767097966729,0.9614791987673343,0.9662317336718165,0.0042912328999349944,113
5.734082873662313,0.6842461361371422,1.164129670461019,0.10048987565335014,0.01,ovr,scale,linear,"{'C': 0.01, 'decision_function_shape': 'ovr', 'gamma': 'scale', 'kernel': 'linear'}",0.9670363524337646,0.9617991373998768,0.9725731895223421,0.9673444239063462,0.9710412815773259,0.9568567026194145,0.9679605668515096,0.9599507085643869,0.9682588597842835,0.9691928527418361,0.9698089956869994,0.9639445300462249,0.967652495378928,0.9685767097966729,0.9614791987673343,0.9662317336718165,0.0042912328999349944,113
5.84662709236145,0.7252111838924593,1.222931448618571,0.1126595468417306,0.01,ovo,0.0001,linear,"{'C': 0.01, 'decision_function_shape': 'ovo', 'gamma': 0.0001, 'kernel': 'linear'}",0.9670363524337646,0.9617991373998768,0.9725731895223421,0.9673444239063462,0.9710412815773259,0.9568567026194145,0.9679605668515096,0.9599507085643869,0.9682588597842835,0.9691928527418361,0.9698089956869994,0.9639445300462249,0.967652495378928,0.9685767097966729,0.9614791987673343,0.9662317336718165,0.0042912328999349944,113
5.880536572138468,0.6793099173781935,1.1708635648091634,0.11681671408123051,0.01,ovr,auto,linear,"{'C': 0.01, 'decision_function_shape': 'ovr', 'gamma': 'auto', 'kernel': 'linear'}",0.9670363524337646,0.9617991373998768,0.9725731895223421,0.9673444239063462,0.9710412815773259,0.9568567026194145,0.9679605668515096,0.9599507085643869,0.9682588597842835,0.9691928527418361,0.9698089956869994,0.9639445300462249,0.967652495378928,0.9685767097966729,0.9614791987673343,0.9662317336718165,0.0042912328999349944,113
5.795954418182373,0.7330396642526118,1.088321590423584,0.09366463479750525,0.01,ovo,0.01,linear,"{'C': 0.01, 'decision_function_shape': 'ovo', 'gamma': 0.01, 'kernel': 'linear'}",0.9670363524337646,0.9617991373998768,0.9725731895223421,0.9673444239063462,0.9710412815773259,0.9568567026194145,0.9679605668515096,0.9599507085643869,0.9682588597842835,0.9691928527418361,0.9698089956869994,0.9639445300462249,0.967652495378928,0.9685767097966729,0.9614791987673343,0.9662317336718165,0.0042912328999349944,113
5.749315071105957,0.7918953813702804,1.1708223660786947,0.1529234689034525,0.01,ovo,0.1,linear,"{'C': 0.01, 'decision_function_shape': 'ovo', 'gamma': 0.1, 'kernel': 'linear'}",0.9670363524337646,0.9617991373998768,0.9725731895223421,0.9673444239063462,0.9710412815773259,0.9568567026194145,0.9679605668515096,0.9599507085643869,0.9682588597842835,0.9691928527418361,0.9698089956869994,0.9639445300462249,0.967652495378928,0.9685767097966729,0.9614791987673343,0.9662317336718165,0.0042912328999349944,113
5.985127687454224,0.6498466167652165,1.1291354338328043,0.0893816407174619,0.01,ovo,1,linear,"{'C': 0.01, 'decision_function_shape': 'ovo', 'gamma': 1, 'kernel': 'linear'}",0.9670363524337646,0.9617991373998768,0.9725731895223421,0.9673444239063462,0.9710412815773259,0.9568567026194145,0.9679605668515096,0.9599507085643869,0.9682588597842835,0.9691928527418361,0.9698089956869994,0.9639445300462249,0.967652495378928,0.9685767097966729,0.9614791987673343,0.9662317336718165,0.0042912328999349944,113
5.687836297353109,0.6495142821693856,1.159303871790568,0.1021387586530668,0.01,ovo,0.001,linear,"{'C': 0.01, 'decision_function_shape': 'ovo', 'gamma': 0.001, 'kernel': 'linear'}",0.9670363524337646,0.9617991373998768,0.9725731895223421,0.9673444239063462,0.9710412815773259,0.9568567026194145,0.9679605668515096,0.9599507085643869,0.9682588597842835,0.9691928527418361,0.9698089956869994,0.9639445300462249,0.967652495378928,0.9685767097966729,0.9614791987673343,0.9662317336718165,0.0042912328999349944,113
12.44404280980428,0.6189345449930952,3.8996017932891847,0.1945706557857577,0.1,ovr,0.1,rbf,"{'C': 0.1, 'decision_function_shape': 'ovr', 'gamma': 0.1, 'kernel': 'rbf'}",0.94362292051756,0.940234134319162,0.9445300462249615,0.9442390634627233,0.9383857054836722,0.9420647149460709,0.9460874922982132,0.940234134319162,0.9457627118644067,0.9439309919901417,0.9448552064078867,0.9408320493066256,0.9405422057917436,0.9426987060998152,0.9436055469953775,0.9427750420018347,0.0022157573018790912,127
12.345772425333658,0.554634885920746,3.890802526473999,0.16793544660233134,0.1,ovo,0.1,rbf,"{'C': 0.1, 'decision_function_shape': 'ovo', 'gamma': 0.1, 'kernel': 'rbf'}",0.94362292051756,0.940234134319162,0.9445300462249615,0.9442390634627233,0.9383857054836722,0.9420647149460709,0.9460874922982132,0.940234134319162,0.9457627118644067,0.9439309919901417,0.9448552064078867,0.9408320493066256,0.9405422057917436,0.9426987060998152,0.9436055469953775,0.9427750420018347,0.0022157573018790912,127
27.52901905377706,0.9117863300881855,4.354005066553752,0.19030858129741282,10,ovr,1,rbf,"{'C': 10, 'decision_function_shape': 'ovr', 'gamma': 1, 'kernel': 'rbf'}",0.9380776340110906,0.9365372766481824,0.9469953775038521,0.9420825631546519,0.9405422057917436,0.9451463790446841,0.9390018484288355,0.9396179913739988,0.9466872110939908,0.9414664202094886,0.944547134935305,0.9473035439137134,0.9374614910659272,0.9420825631546519,0.9454545454545454,0.9422002790523106,0.0035183507113892166,129
27.512049214045206,1.015726002522208,4.2099765618642175,0.24059899300292853,1000,ovo,1,rbf,"{'C': 1000, 'decision_function_shape': 'ovo', 'gamma': 1, 'kernel': 'rbf'}",0.9380776340110906,0.9365372766481824,0.9469953775038521,0.9420825631546519,0.9405422057917436,0.9451463790446841,0.9390018484288355,0.9396179913739988,0.9466872110939908,0.9414664202094886,0.944547134935305,0.9473035439137134,0.9374614910659272,0.9420825631546519,0.9454545454545454,0.9422002790523106,0.0035183507113892166,129
27.068091726303102,0.6590083114342765,4.341918420791626,0.2282297093133675,1000,ovr,1,rbf,"{'C': 1000, 'decision_function_shape': 'ovr', 'gamma': 1, 'kernel': 'rbf'}",0.9380776340110906,0.9365372766481824,0.9469953775038521,0.9420825631546519,0.9405422057917436,0.9451463790446841,0.9390018484288355,0.9396179913739988,0.9466872110939908,0.9414664202094886,0.944547134935305,0.9473035439137134,0.9374614910659272,0.9420825631546519,0.9454545454545454,0.9422002790523106,0.0035183507113892166,129
27.054355160395303,0.788203496290025,4.3367718378702795,0.21744145062444248,100,ovo,1,rbf,"{'C': 100, 'decision_function_shape': 'ovo', 'gamma': 1, 'kernel': 'rbf'}",0.9380776340110906,0.9365372766481824,0.9469953775038521,0.9420825631546519,0.9405422057917436,0.9451463790446841,0.9390018484288355,0.9396179913739988,0.9466872110939908,0.9414664202094886,0.944547134935305,0.9473035439137134,0.9374614910659272,0.9420825631546519,0.9454545454545454,0.9422002790523106,0.0035183507113892166,129
27.48152100245158,1.0100700458392617,4.229838530222575,0.2010933013606646,10,ovo,1,rbf,"{'C': 10, 'decision_function_shape': 'ovo', 'gamma': 1, 'kernel': 'rbf'}",0.9380776340110906,0.9365372766481824,0.9469953775038521,0.9420825631546519,0.9405422057917436,0.9451463790446841,0.9390018484288355,0.9396179913739988,0.9466872110939908,0.9414664202094886,0.944547134935305,0.9473035439137134,0.9374614910659272,0.9420825631546519,0.9454545454545454,0.9422002790523106,0.0035183507113892166,129
27.054282426834106,0.937019295014983,4.386430899302165,0.22376770515708974,100,ovr,1,rbf,"{'C': 100, 'decision_function_shape': 'ovr', 'gamma': 1, 'kernel': 'rbf'}",0.9380776340110906,0.9365372766481824,0.9469953775038521,0.9420825631546519,0.9405422057917436,0.9451463790446841,0.9390018484288355,0.9396179913739988,0.9466872110939908,0.9414664202094886,0.944547134935305,0.9473035439137134,0.9374614910659272,0.9420825631546519,0.9454545454545454,0.9422002790523106,0.0035183507113892166,129
26.604357751210532,0.5443665173188293,4.463408215840658,0.24049161340051214,1,ovo,1,rbf,"{'C': 1, 'decision_function_shape': 'ovo', 'gamma': 1, 'kernel': 'rbf'}",0.9331484904497843,0.9313000616142945,0.9423728813559322,0.9386937769562539,0.9353049907578558,0.9414483821263482,0.933456561922366,0.9349969192852742,0.9429892141756548,0.9349969192852742,0.9374614910659272,0.9439137134052388,0.9316081330868762,0.9359211337030191,0.9402157164869029,0.9371885590451332,0.004051573566355831,135
26.354600429534912,0.6779130637826289,4.451379632949829,0.2379716263782309,1,ovr,1,rbf,"{'C': 1, 'decision_function_shape': 'ovr', 'gamma': 1, 'kernel': 'rbf'}",0.9331484904497843,0.9313000616142945,0.9423728813559322,0.9386937769562539,0.9353049907578558,0.9414483821263482,0.933456561922366,0.9349969192852742,0.9429892141756548,0.9349969192852742,0.9374614910659272,0.9439137134052388,0.9316081330868762,0.9359211337030191,0.9402157164869029,0.9371885590451332,0.004051573566355831,135
10.218378114700318,0.46757422855590375,3.78914852142334,0.17811950546903496,1,ovr,0.001,rbf,"{'C': 1, 'decision_function_shape': 'ovr', 'gamma': 0.001, 'kernel': 'rbf'}",0.8903265557609366,0.9004929143561307,0.9167950693374423,0.9097350585335798,0.8964879852125693,0.899537750385208,0.9063462723351817,0.8989525569932224,0.8973805855161787,0.9004929143561307,0.9057301293900185,0.8964560862865948,0.8980283425754775,0.8961799137399877,0.9066255778120185,0.9013045141727118,0.006397576925150617,137
10.113146384557089,0.3441197749487038,3.885366153717041,0.18422033651979602,1,ovo,0.001,rbf,"{'C': 1, 'decision_function_shape': 'ovo', 'gamma': 0.001, 'kernel': 'rbf'}",0.8903265557609366,0.9004929143561307,0.9167950693374423,0.9097350585335798,0.8964879852125693,0.899537750385208,0.9063462723351817,0.8989525569932224,0.8973805855161787,0.9004929143561307,0.9057301293900185,0.8964560862865948,0.8980283425754775,0.8961799137399877,0.9066255778120185,0.9013045141727118,0.006397576925150617,137
11.874322970708212,0.5866708880830301,4.357667255401611,0.15747689120786373,0.1,ovr,0.01,rbf,"{'C': 0.1, 'decision_function_shape': 'ovr', 'gamma': 0.01, 'kernel': 'rbf'}",0.8906346272335182,0.895871842267406,0.9103235747303544,0.9048059149722736,0.8995686999383857,0.8989214175654854,0.9041897720271103,0.899260628465804,0.8998459167950693,0.8986444855206408,0.9072704867529267,0.8946070878274268,0.904497843499692,0.8930991990141713,0.9087827426810478,0.900688282619421,0.005630642310108993,139
12.015796295801799,0.7823816777861299,4.14407426516215,0.2502616465866275,0.1,ovo,0.01,rbf,"{'C': 0.1, 'decision_function_shape': 'ovo', 'gamma': 0.01, 'kernel': 'rbf'}",0.8906346272335182,0.895871842267406,0.9103235747303544,0.9048059149722736,0.8995686999383857,0.8989214175654854,0.9041897720271103,0.899260628465804,0.8998459167950693,0.8986444855206408,0.9072704867529267,0.8946070878274268,0.904497843499692,0.8930991990141713,0.9087827426810478,0.900688282619421,0.005630642310108993,139
10.056996822357178,0.5224053032563735,3.759349234898885,0.21858317141317413,10,ovo,0.0001,rbf,"{'C': 10, 'decision_function_shape': 'ovo', 'gamma': 0.0001, 'kernel': 'rbf'}",0.8844731977818854,0.8912507701786815,0.9066255778120185,0.903573629081947,0.8866296980899568,0.8933744221879815,0.9004929143561307,0.8927911275415896,0.8915254237288136,0.8952556993222428,0.8940234134319162,0.8899845916795069,0.893407270486753,0.8921749845964264,0.9026194144838212,0.8945468089839782,0.006027854767924856,141
10.13446036974589,0.5797810283138796,3.7299376328786216,0.22838243755739007,10,ovr,0.0001,rbf,"{'C': 10, 'decision_function_shape': 'ovr', 'gamma': 0.0001, 'kernel': 'rbf'}",0.8844731977818854,0.8912507701786815,0.9066255778120185,0.903573629081947,0.8866296980899568,0.8933744221879815,0.9004929143561307,0.8927911275415896,0.8915254237288136,0.8952556993222428,0.8940234134319162,0.8899845916795069,0.893407270486753,0.8921749845964264,0.9026194144838212,0.8945468089839782,0.006027854767924856,141
12.578810373942057,0.7057677292331889,4.445492601394653,0.1972077375100039,0.1,ovr,scale,rbf,"{'C': 0.1, 'decision_function_shape': 'ovr', 'gamma': 'scale', 'kernel': 'rbf'}",0.8724584103512015,0.8733826247689463,0.8946070878274268,0.8789279112754159,0.8764633394947627,0.8859784283513097,0.8850893407270487,0.8795440542205791,0.8742681047765793,0.881392483056069,0.881392483056069,0.886286594761171,0.881392483056069,0.87030191004313,0.8909090909090909,0.8808262897783247,0.00668607150284557,143
12.803688176472981,0.5677769912574634,4.297045469284058,0.1682593133576525,0.1,ovo,scale,rbf,"{'C': 0.1, 'decision_function_shape': 'ovo', 'gamma': 'scale', 'kernel': 'rbf'}",0.8724584103512015,0.8733826247689463,0.8946070878274268,0.8789279112754159,0.8764633394947627,0.8859784283513097,0.8850893407270487,0.8795440542205791,0.8742681047765793,0.881392483056069,0.881392483056069,0.886286594761171,0.881392483056069,0.87030191004313,0.8909090909090909,0.8808262897783247,0.00668607150284557,143
12.667252159118652,0.7505373795066314,4.390846888224284,0.25172164660596985,0.1,ovo,auto,rbf,"{'C': 0.1, 'decision_function_shape': 'ovo', 'gamma': 'auto', 'kernel': 'rbf'}",0.8724584103512015,0.8761552680221811,0.8927580893682588,0.884781269254467,0.8770794824399261,0.8804314329738059,0.8829328404189772,0.8810844115834874,0.8782742681047766,0.8829328404189772,0.88909426987061,0.8718027734976888,0.8807763401109058,0.8721503388786198,0.8896764252696456,0.8808258973709019,0.006233679705411857,145
12.46944882074992,0.49948453647517066,4.538344732920328,0.18951147526522102,0.1,ovr,auto,rbf,"{'C': 0.1, 'decision_function_shape': 'ovr', 'gamma': 'auto', 'kernel': 'rbf'}",0.8724584103512015,0.8761552680221811,0.8927580893682588,0.884781269254467,0.8770794824399261,0.8804314329738059,0.8829328404189772,0.8810844115834874,0.8782742681047766,0.8829328404189772,0.88909426987061,0.8718027734976888,0.8807763401109058,0.8721503388786198,0.8896764252696456,0.8808258973709019,0.006233679705411857,145
13.38420147895813,0.9920158255407474,3.5915945847829183,0.2897560705552055,0.001,ovo,auto,linear,"{'C': 0.001, 'decision_function_shape': 'ovo', 'gamma': 'auto', 'kernel': 'linear'}",0.8459642637091805,0.8576709796672828,0.8674884437596302,0.8629081947011706,0.8524337646333949,0.8582434514637904,0.8613678373382625,0.8542821934688848,0.8576271186440678,0.8576709796672828,0.8561306223043746,0.8570107858243452,0.8567467652495379,0.8524337646333949,0.8637904468412942,0.8574513074603929,0.005043689848177552,147
13.54885851542155,0.8969428957451874,3.559308163324992,0.3175942402617481,0.001,ovr,1,linear,"{'C': 0.001, 'decision_function_shape': 'ovr', 'gamma': 1, 'kernel': 'linear'}",0.8459642637091805,0.8576709796672828,0.8674884437596302,0.8629081947011706,0.8524337646333949,0.8582434514637904,0.8613678373382625,0.8542821934688848,0.8576271186440678,0.8576709796672828,0.8561306223043746,0.8570107858243452,0.8567467652495379,0.8524337646333949,0.8637904468412942,0.8574513074603929,0.005043689848177552,147
13.45907384554545,1.0098551947270509,3.4703046957651775,0.4376361277756591,0.001,ovr,0.1,linear,"{'C': 0.001, 'decision_function_shape': 'ovr', 'gamma': 0.1, 'kernel': 'linear'}",0.8459642637091805,0.8576709796672828,0.8674884437596302,0.8629081947011706,0.8524337646333949,0.8582434514637904,0.8613678373382625,0.8542821934688848,0.8576271186440678,0.8576709796672828,0.8561306223043746,0.8570107858243452,0.8567467652495379,0.8524337646333949,0.8637904468412942,0.8574513074603929,0.005043689848177552,147
13.631644042332967,0.9471673090368631,3.554308319091797,0.2950131596372814,0.001,ovo,0.0001,linear,"{'C': 0.001, 'decision_function_shape': 'ovo', 'gamma': 0.0001, 'kernel': 'linear'}",0.8459642637091805,0.8576709796672828,0.8674884437596302,0.8629081947011706,0.8524337646333949,0.8582434514637904,0.8613678373382625,0.8542821934688848,0.8576271186440678,0.8576709796672828,0.8561306223043746,0.8570107858243452,0.8567467652495379,0.8524337646333949,0.8637904468412942,0.8574513074603929,0.005043689848177552,147
13.816878175735473,1.0143782274040665,3.4157641092936197,0.18546060451912955,0.001,ovr,0.01,linear,"{'C': 0.001, 'decision_function_shape': 'ovr', 'gamma': 0.01, 'kernel': 'linear'}",0.8459642637091805,0.8576709796672828,0.8674884437596302,0.8629081947011706,0.8524337646333949,0.8582434514637904,0.8613678373382625,0.8542821934688848,0.8576271186440678,0.8576709796672828,0.8561306223043746,0.8570107858243452,0.8567467652495379,0.8524337646333949,0.8637904468412942,0.8574513074603929,0.005043689848177552,147
13.810433944066366,0.9505420853870897,3.3966561476389567,0.2818862196799655,0.001,ovr,0.001,linear,"{'C': 0.001, 'decision_function_shape': 'ovr', 'gamma': 0.001, 'kernel': 'linear'}",0.8459642637091805,0.8576709796672828,0.8674884437596302,0.8629081947011706,0.8524337646333949,0.8582434514637904,0.8613678373382625,0.8542821934688848,0.8576271186440678,0.8576709796672828,0.8561306223043746,0.8570107858243452,0.8567467652495379,0.8524337646333949,0.8637904468412942,0.8574513074603929,0.005043689848177552,147
13.794057003657024,1.0824318900907306,3.502747662862142,0.2441949000806232,0.001,ovr,0.0001,linear,"{'C': 0.001, 'decision_function_shape': 'ovr', 'gamma': 0.0001, 'kernel': 'linear'}",0.8459642637091805,0.8576709796672828,0.8674884437596302,0.8629081947011706,0.8524337646333949,0.8582434514637904,0.8613678373382625,0.8542821934688848,0.8576271186440678,0.8576709796672828,0.8561306223043746,0.8570107858243452,0.8567467652495379,0.8524337646333949,0.8637904468412942,0.8574513074603929,0.005043689848177552,147
13.243352667490642,0.8998011876271382,3.5424463431040447,0.5035172237344476,0.001,ovo,0.001,linear,"{'C': 0.001, 'decision_function_shape': 'ovo', 'gamma': 0.001, 'kernel': 'linear'}",0.8459642637091805,0.8576709796672828,0.8674884437596302,0.8629081947011706,0.8524337646333949,0.8582434514637904,0.8613678373382625,0.8542821934688848,0.8576271186440678,0.8576709796672828,0.8561306223043746,0.8570107858243452,0.8567467652495379,0.8524337646333949,0.8637904468412942,0.8574513074603929,0.005043689848177552,147
13.703780285517375,1.1074860904453252,3.3219303131103515,0.4003298738452057,0.001,ovr,scale,linear,"{'C': 0.001, 'decision_function_shape': 'ovr', 'gamma': 'scale', 'kernel': 'linear'}",0.8459642637091805,0.8576709796672828,0.8674884437596302,0.8629081947011706,0.8524337646333949,0.8582434514637904,0.8613678373382625,0.8542821934688848,0.8576271186440678,0.8576709796672828,0.8561306223043746,0.8570107858243452,0.8567467652495379,0.8524337646333949,0.8637904468412942,0.8574513074603929,0.005043689848177552,147
13.60322839419047,0.9328156679607426,3.499076239267985,0.45587820507594234,0.001,ovo,0.01,linear,"{'C': 0.001, 'decision_function_shape': 'ovo', 'gamma': 0.01, 'kernel': 'linear'}",0.8459642637091805,0.8576709796672828,0.8674884437596302,0.8629081947011706,0.8524337646333949,0.8582434514637904,0.8613678373382625,0.8542821934688848,0.8576271186440678,0.8576709796672828,0.8561306223043746,0.8570107858243452,0.8567467652495379,0.8524337646333949,0.8637904468412942,0.8574513074603929,0.005043689848177552,147
13.360187164942424,0.9091500509517613,3.5275043487548827,0.34835009840085923,0.001,ovo,0.1,linear,"{'C': 0.001, 'decision_function_shape': 'ovo', 'gamma': 0.1, 'kernel': 'linear'}",0.8459642637091805,0.8576709796672828,0.8674884437596302,0.8629081947011706,0.8524337646333949,0.8582434514637904,0.8613678373382625,0.8542821934688848,0.8576271186440678,0.8576709796672828,0.8561306223043746,0.8570107858243452,0.8567467652495379,0.8524337646333949,0.8637904468412942,0.8574513074603929,0.005043689848177552,147
13.688821045557658,0.8668103037265787,3.4194000244140623,0.27975690439560025,0.001,ovo,scale,linear,"{'C': 0.001, 'decision_function_shape': 'ovo', 'gamma': 'scale', 'kernel': 'linear'}",0.8459642637091805,0.8576709796672828,0.8674884437596302,0.8629081947011706,0.8524337646333949,0.8582434514637904,0.8613678373382625,0.8542821934688848,0.8576271186440678,0.8576709796672828,0.8561306223043746,0.8570107858243452,0.8567467652495379,0.8524337646333949,0.8637904468412942,0.8574513074603929,0.005043689848177552,147
13.793709294001262,0.8970379057867359,3.3746991316477457,0.2325591194473778,0.001,ovr,auto,linear,"{'C': 0.001, 'decision_function_shape': 'ovr', 'gamma': 'auto', 'kernel': 'linear'}",0.8459642637091805,0.8576709796672828,0.8674884437596302,0.8629081947011706,0.8524337646333949,0.8582434514637904,0.8613678373382625,0.8542821934688848,0.8576271186440678,0.8576709796672828,0.8561306223043746,0.8570107858243452,0.8567467652495379,0.8524337646333949,0.8637904468412942,0.8574513074603929,0.005043689848177552,147
12.460036532084148,0.6299556547902659,4.350817314783732,0.3041253667179691,0.001,ovo,1,linear,"{'C': 0.001, 'decision_function_shape': 'ovo', 'gamma': 1, 'kernel': 'linear'}",0.8459642637091805,0.8576709796672828,0.8674884437596302,0.8629081947011706,0.8524337646333949,0.8582434514637904,0.8613678373382625,0.8542821934688848,0.8576271186440678,0.8576709796672828,0.8561306223043746,0.8570107858243452,0.8567467652495379,0.8524337646333949,0.8637904468412942,0.8574513074603929,0.005043689848177552,147
27.53346455891927,0.8329561662558556,6.57723053296407,0.2078281097307736,0.1,ovo,1,rbf,"{'C': 0.1, 'decision_function_shape': 'ovo', 'gamma': 1, 'kernel': 'rbf'}",0.7997535428219347,0.7781885397412199,0.8101694915254237,0.7920517560073937,0.7834257547751078,0.8184899845916795,0.7846580406654344,0.8012939001848429,0.7959938366718028,0.7902033271719039,0.8139248305606901,0.7898305084745763,0.7846580406654344,0.7865064695009242,0.800924499229584,0.7953381681725301,0.011540329159969607,161
27.36469462712606,0.8574114689556577,6.595607455571493,0.2396446871222229,0.1,ovr,1,rbf,"{'C': 0.1, 'decision_function_shape': 'ovr', 'gamma': 1, 'kernel': 'rbf'}",0.7997535428219347,0.7781885397412199,0.8101694915254237,0.7920517560073937,0.7834257547751078,0.8184899845916795,0.7846580406654344,0.8012939001848429,0.7959938366718028,0.7902033271719039,0.8139248305606901,0.7898305084745763,0.7846580406654344,0.7865064695009242,0.800924499229584,0.7953381681725301,0.011540329159969607,161
28.93790454864502,0.8558657510939822,7.191345500946045,0.21379420948655997,0.01,ovr,0.1,rbf,"{'C': 0.01, 'decision_function_shape': 'ovr', 'gamma': 0.1, 'kernel': 'rbf'}",0.7338262476894639,0.7208872458410351,0.7183359013867489,0.7384473197781886,0.7147258163894024,0.7235747303543913,0.7298213185459026,0.7128773875539125,0.7312788906009245,0.7218114602587801,0.7464571780653112,0.7121725731895223,0.7230437461491066,0.7181146025878004,0.7315870570107859,0.7251307650267517,0.009545554561698158,163
28.91903649965922,0.9733481522736479,7.243888076146444,0.17779258233072257,0.01,ovo,0.1,rbf,"{'C': 0.01, 'decision_function_shape': 'ovo', 'gamma': 0.1, 'kernel': 'rbf'}",0.7338262476894639,0.7208872458410351,0.7183359013867489,0.7384473197781886,0.7147258163894024,0.7235747303543913,0.7298213185459026,0.7128773875539125,0.7312788906009245,0.7218114602587801,0.7464571780653112,0.7121725731895223,0.7230437461491066,0.7181146025878004,0.7315870570107859,0.7251307650267517,0.009545554561698158,163
20.08158170382182,0.7469347843690973,5.606363280614217,0.24146017331175387,1,ovo,0.0001,rbf,"{'C': 1, 'decision_function_shape': 'ovo', 'gamma': 0.0001, 'kernel': 'rbf'}",0.7085643869377696,0.7076401725200246,0.7244992295839754,0.732902033271719,0.707332101047443,0.7060092449922959,0.7236598890942699,0.7122612446087492,0.7149460708782742,0.7211953173136167,0.7088724584103512,0.7149460708782742,0.714109673444239,0.708256315465188,0.7229583975346687,0.7152101737320573,0.007803012846465522,165
20.01265066464742,0.7914003202475045,5.67570128440857,0.1931818841924369,1,ovr,0.0001,rbf,"{'C': 1, 'decision_function_shape': 'ovr', 'gamma': 0.0001, 'kernel': 'rbf'}",0.7085643869377696,0.7076401725200246,0.7244992295839754,0.732902033271719,0.707332101047443,0.7060092449922959,0.7236598890942699,0.7122612446087492,0.7149460708782742,0.7211953173136167,0.7088724584103512,0.7149460708782742,0.714109673444239,0.708256315465188,0.7229583975346687,0.7152101737320573,0.007803012846465522,165
20.296727196375528,0.9715568050407346,5.644966777165731,0.2849526880689622,0.1,ovr,0.001,rbf,"{'C': 0.1, 'decision_function_shape': 'ovr', 'gamma': 0.001, 'kernel': 'rbf'}",0.6999383857054837,0.7017868145409735,0.7152542372881356,0.7208872458410351,0.6974738139248305,0.6989214175654853,0.7128773875539125,0.7005545286506469,0.7029275808936826,0.711645101663586,0.6965495995070856,0.7066255778120185,0.7070240295748613,0.6987060998151571,0.710015408320493,0.7054124819104923,0.007107379728352986,167
20.56588412920634,1.0094414453857339,5.6167719999949135,0.3244580384553871,0.1,ovo,0.001,rbf,"{'C': 0.1, 'decision_function_shape': 'ovo', 'gamma': 0.001, 'kernel': 'rbf'}",0.6999383857054837,0.7017868145409735,0.7152542372881356,0.7208872458410351,0.6974738139248305,0.6989214175654853,0.7128773875539125,0.7005545286506469,0.7029275808936826,0.711645101663586,0.6965495995070856,0.7066255778120185,0.7070240295748613,0.6987060998151571,0.710015408320493,0.7054124819104923,0.007107379728352986,167
25.663321367899577,0.9197886950401166,6.681811094284058,0.1958672395655433,0.01,ovr,0.01,rbf,"{'C': 0.01, 'decision_function_shape': 'ovr', 'gamma': 0.01, 'kernel': 'rbf'}",0.6589648798521257,0.662969808995687,0.6721109399075501,0.6814540973505854,0.6577325939617992,0.6560862865947612,0.6762168823166975,0.6524953789279113,0.6631741140215717,0.669747381392483,0.6558841651263093,0.6668721109399075,0.6685150955021565,0.6509550215650031,0.6718027734976888,0.6643321019968158,0.008710067248955912,169
25.784884023666383,0.8753398104947926,6.621982892354329,0.2908536738313282,0.01,ovo,0.01,rbf,"{'C': 0.01, 'decision_function_shape': 'ovo', 'gamma': 0.01, 'kernel': 'rbf'}",0.6589648798521257,0.662969808995687,0.6721109399075501,0.6814540973505854,0.6577325939617992,0.6560862865947612,0.6762168823166975,0.6524953789279113,0.6631741140215717,0.669747381392483,0.6558841651263093,0.6668721109399075,0.6685150955021565,0.6509550215650031,0.6718027734976888,0.6643321019968158,0.008710067248955912,169
25.821686013539633,0.6780134381451887,6.598055489857992,0.33190598393671766,0.01,ovr,auto,rbf,"{'C': 0.01, 'decision_function_shape': 'ovr', 'gamma': 'auto', 'kernel': 'rbf'}",0.6389402341343191,0.6426370918052988,0.6486902927580893,0.6598890942698706,0.6367837338262476,0.6338983050847458,0.6565003080714725,0.6315465187923598,0.6465331278890601,0.6475662353666051,0.6355514479359211,0.6471494607087828,0.6487985212569316,0.6312384473197782,0.65115562403698,0.6437918962170973,0.008580034315942286,171
26.27810074488322,1.1672225033904324,6.518299722671509,0.18446180762021291,0.01,ovo,auto,rbf,"{'C': 0.01, 'decision_function_shape': 'ovo', 'gamma': 'auto', 'kernel': 'rbf'}",0.6389402341343191,0.6426370918052988,0.6486902927580893,0.6598890942698706,0.6367837338262476,0.6338983050847458,0.6565003080714725,0.6315465187923598,0.6465331278890601,0.6475662353666051,0.6355514479359211,0.6471494607087828,0.6487985212569316,0.6312384473197782,0.65115562403698,0.6437918962170973,0.008580034315942286,171
26.112122456232708,1.153501903020663,6.533234039942424,0.25078027618322996,0.01,ovr,scale,rbf,"{'C': 0.01, 'decision_function_shape': 'ovr', 'gamma': 'scale', 'kernel': 'rbf'}",0.6392483056069008,0.6392483056069008,0.6505392912172573,0.6534195933456562,0.6361675908810844,0.6428351309707242,0.6605052372150338,0.62969808995687,0.6453004622496148,0.6454097350585336,0.6247689463955638,0.6551617873651772,0.6491065927295132,0.6284658040665434,0.6517719568567026,0.6434431219681385,0.010124415802969572,173
26.00838346481323,1.0381902593250678,6.619693676630656,0.24334766275277478,0.01,ovo,scale,rbf,"{'C': 0.01, 'decision_function_shape': 'ovo', 'gamma': 'scale', 'kernel': 'rbf'}",0.6392483056069008,0.6392483056069008,0.6505392912172573,0.6534195933456562,0.6361675908810844,0.6428351309707242,0.6605052372150338,0.62969808995687,0.6453004622496148,0.6454097350585336,0.6247689463955638,0.6551617873651772,0.6491065927295132,0.6284658040665434,0.6517719568567026,0.6434431219681385,0.010124415802969572,173
29.172473112742107,1.0342481218551827,7.151055526733399,0.1991126283124043,0.1,ovr,0.0001,rbf,"{'C': 0.1, 'decision_function_shape': 'ovr', 'gamma': 0.0001, 'kernel': 'rbf'}",0.47196549599507087,0.45902649414664204,0.46964560862865945,0.4651879235982748,0.47504621072088726,0.4597842835130971,0.4698089956869994,0.4611829944547135,0.46471494607087827,0.4602587800369686,0.47412199630314233,0.4662557781201849,0.46241528034504004,0.46642020948860136,0.4702619414483821,0.4664064625705028,0.005070870289529967,175
29.148094654083252,1.0954013927627624,7.169756587346395,0.2718870215277734,0.1,ovo,0.0001,rbf,"{'C': 0.1, 'decision_function_shape': 'ovo', 'gamma': 0.0001, 'kernel': 'rbf'}",0.47196549599507087,0.45902649414664204,0.46964560862865945,0.4651879235982748,0.47504621072088726,0.4597842835130971,0.4698089956869994,0.4611829944547135,0.46471494607087827,0.4602587800369686,0.47412199630314233,0.4662557781201849,0.46241528034504004,0.46642020948860136,0.4702619414483821,0.4664064625705028,0.005070870289529967,175
29.991539812088014,1.3514578370465564,6.965135510762533,0.1964485278266913,0.01,ovo,0.001,rbf,"{'C': 0.01, 'decision_function_shape': 'ovo', 'gamma': 0.001, 'kernel': 'rbf'}",0.4602587800369686,0.4676524953789279,0.4727272727272727,0.4707332101047443,0.45163277880468267,0.46656394453004624,0.46179913739987677,0.4688847812692545,0.46933744221879814,0.4698089956869994,0.45163277880468267,0.4745762711864407,0.47104128157732594,0.4722735674676525,0.4548536209553159,0.4655850905432659,0.007430137905657068,177
29.97888453801473,1.0101653440141225,7.01827810605367,0.2901639358113341,0.01,ovr,0.001,rbf,"{'C': 0.01, 'decision_function_shape': 'ovr', 'gamma': 0.001, 'kernel': 'rbf'}",0.4602587800369686,0.4676524953789279,0.4727272727272727,0.4707332101047443,0.45163277880468267,0.46656394453004624,0.46179913739987677,0.4688847812692545,0.46933744221879814,0.4698089956869994,0.45163277880468267,0.4745762711864407,0.47104128157732594,0.4722735674676525,0.4548536209553159,0.4655850905432659,0.007430137905657068,177
31.77161498069763,1.0742178586715436,7.430521297454834,0.2592005595521784,0.01,ovr,1,rbf,"{'C': 0.01, 'decision_function_shape': 'ovr', 'gamma': 1, 'kernel': 'rbf'}",0.34011090573012936,0.27911275415896486,0.2810477657935285,0.300369685767098,0.27911275415896486,0.31248073959938366,0.29790511398644487,0.27264325323475047,0.35130970724191063,0.3644485520640789,0.2751078250154036,0.2847457627118644,0.32470733210104746,0.27757239679605666,0.3016949152542373,0.30282463090759093,0.028733917269147723,179
31.786650387446084,0.9675947120775013,7.492789077758789,0.2289491330868334,0.01,ovo,1,rbf,"{'C': 0.01, 'decision_function_shape': 'ovo', 'gamma': 1, 'kernel': 'rbf'}",0.34011090573012936,0.27911275415896486,0.2810477657935285,0.300369685767098,0.27911275415896486,0.31248073959938366,0.29790511398644487,0.27264325323475047,0.35130970724191063,0.3644485520640789,0.2751078250154036,0.2847457627118644,0.32470733210104746,0.27757239679605666,0.3016949152542373,0.30282463090759093,0.028733917269147723,179
31.34012875556946,0.8136248945660965,7.379288260142008,0.38147904006193784,0.001,ovo,1,rbf,"{'C': 0.001, 'decision_function_shape': 'ovo', 'gamma': 1, 'kernel': 'rbf'}",0.215033887861984,0.21472581638940233,0.21510015408320493,0.215033887861984,0.21472581638940233,0.21510015408320493,0.215033887861984,0.21472581638940233,0.21510015408320493,0.215033887861984,0.21472581638940233,0.21510015408320493,0.215033887861984,0.21472581638940233,0.21510015408320493,0.21495328611153042,0.00016310458583885704,181
32.2202342192332,1.169635313560585,7.116256809234619,0.14438186671721137,0.001,ovo,0.1,rbf,"{'C': 0.001, 'decision_function_shape': 'ovo', 'gamma': 0.1, 'kernel': 'rbf'}",0.215033887861984,0.21472581638940233,0.21510015408320493,0.215033887861984,0.21472581638940233,0.21510015408320493,0.215033887861984,0.21472581638940233,0.21510015408320493,0.215033887861984,0.21472581638940233,0.21510015408320493,0.215033887861984,0.21472581638940233,0.21510015408320493,0.21495328611153042,0.00016310458583885704,181
30.790239906311037,1.1526967030203035,7.498712460199992,0.29157480468649544,0.01,ovr,0.0001,rbf,"{'C': 0.01, 'decision_function_shape': 'ovr', 'gamma': 0.0001, 'kernel': 'rbf'}",0.215033887861984,0.21472581638940233,0.21510015408320493,0.215033887861984,0.21472581638940233,0.21510015408320493,0.215033887861984,0.21472581638940233,0.21510015408320493,0.215033887861984,0.21472581638940233,0.21510015408320493,0.215033887861984,0.21472581638940233,0.21510015408320493,0.21495328611153042,0.00016310458583885704,181
32.316308959325156,0.9360214484037771,7.303686364491781,0.3003790036130763,0.001,ovo,0.01,rbf,"{'C': 0.001, 'decision_function_shape': 'ovo', 'gamma': 0.01, 'kernel': 'rbf'}",0.215033887861984,0.21472581638940233,0.21510015408320493,0.215033887861984,0.21472581638940233,0.21510015408320493,0.215033887861984,0.21472581638940233,0.21510015408320493,0.215033887861984,0.21472581638940233,0.21510015408320493,0.215033887861984,0.21472581638940233,0.21510015408320493,0.21495328611153042,0.00016310458583885704,181
32.234483607610066,0.9978753140761761,7.034009790420532,0.20233925278684914,0.001,ovo,0.001,rbf,"{'C': 0.001, 'decision_function_shape': 'ovo', 'gamma': 0.001, 'kernel': 'rbf'}",0.215033887861984,0.21472581638940233,0.21510015408320493,0.215033887861984,0.21472581638940233,0.21510015408320493,0.215033887861984,0.21472581638940233,0.21510015408320493,0.215033887861984,0.21472581638940233,0.21510015408320493,0.215033887861984,0.21472581638940233,0.21510015408320493,0.21495328611153042,0.00016310458583885704,181
32.07790716489156,1.0032179669741377,7.002316522598266,0.25296856840032,0.001,ovr,0.0001,rbf,"{'C': 0.001, 'decision_function_shape': 'ovr', 'gamma': 0.0001, 'kernel': 'rbf'}",0.215033887861984,0.21472581638940233,0.21510015408320493,0.215033887861984,0.21472581638940233,0.21510015408320493,0.215033887861984,0.21472581638940233,0.21510015408320493,0.215033887861984,0.21472581638940233,0.21510015408320493,0.215033887861984,0.21472581638940233,0.21510015408320493,0.21495328611153042,0.00016310458583885704,181
32.24206837018331,0.8170819942474523,6.97620964050293,0.18469368249461757,0.001,ovr,0.001,rbf,"{'C': 0.001, 'decision_function_shape': 'ovr', 'gamma': 0.001, 'kernel': 'rbf'}",0.215033887861984,0.21472581638940233,0.21510015408320493,0.215033887861984,0.21472581638940233,0.21510015408320493,0.215033887861984,0.21472581638940233,0.21510015408320493,0.215033887861984,0.21472581638940233,0.21510015408320493,0.215033887861984,0.21472581638940233,0.21510015408320493,0.21495328611153042,0.00016310458583885704,181
30.980379581451416,1.0601323091134773,7.307859166463216,0.3234974989533031,0.01,ovo,0.0001,rbf,"{'C': 0.01, 'decision_function_shape': 'ovo', 'gamma': 0.0001, 'kernel': 'rbf'}",0.215033887861984,0.21472581638940233,0.21510015408320493,0.215033887861984,0.21472581638940233,0.21510015408320493,0.215033887861984,0.21472581638940233,0.21510015408320493,0.215033887861984,0.21472581638940233,0.21510015408320493,0.215033887861984,0.21472581638940233,0.21510015408320493,0.21495328611153042,0.00016310458583885704,181
32.58704352378845,1.1153492967214294,6.958545096715292,0.3244411532256214,0.001,ovo,scale,rbf,"{'C': 0.001, 'decision_function_shape': 'ovo', 'gamma': 'scale', 'kernel': 'rbf'}",0.215033887861984,0.21472581638940233,0.21510015408320493,0.215033887861984,0.21472581638940233,0.21510015408320493,0.215033887861984,0.21472581638940233,0.21510015408320493,0.215033887861984,0.21472581638940233,0.21510015408320493,0.215033887861984,0.21472581638940233,0.21510015408320493,0.21495328611153042,0.00016310458583885704,181
32.66516095797221,1.2095598084451669,6.964478508631388,0.13530512532496247,0.001,ovr,scale,rbf,"{'C': 0.001, 'decision_function_shape': 'ovr', 'gamma': 'scale', 'kernel': 'rbf'}",0.215033887861984,0.21472581638940233,0.21510015408320493,0.215033887861984,0.21472581638940233,0.21510015408320493,0.215033887861984,0.21472581638940233,0.21510015408320493,0.215033887861984,0.21472581638940233,0.21510015408320493,0.215033887861984,0.21472581638940233,0.21510015408320493,0.21495328611153042,0.00016310458583885704,181
32.65884311993917,1.0843308103664266,7.0020426114400225,0.22901912033507266,0.001,ovo,auto,rbf,"{'C': 0.001, 'decision_function_shape': 'ovo', 'gamma': 'auto', 'kernel': 'rbf'}",0.215033887861984,0.21472581638940233,0.21510015408320493,0.215033887861984,0.21472581638940233,0.21510015408320493,0.215033887861984,0.21472581638940233,0.21510015408320493,0.215033887861984,0.21472581638940233,0.21510015408320493,0.215033887861984,0.21472581638940233,0.21510015408320493,0.21495328611153042,0.00016310458583885704,181
32.18757247924805,0.8559638645009147,7.131753667195638,0.30635647090076445,0.001,ovr,1,rbf,"{'C': 0.001, 'decision_function_shape': 'ovr', 'gamma': 1, 'kernel': 'rbf'}",0.215033887861984,0.21472581638940233,0.21510015408320493,0.215033887861984,0.21472581638940233,0.21510015408320493,0.215033887861984,0.21472581638940233,0.21510015408320493,0.215033887861984,0.21472581638940233,0.21510015408320493,0.215033887861984,0.21472581638940233,0.21510015408320493,0.21495328611153042,0.00016310458583885704,181
32.725900936126706,0.9129540534757559,6.9444161256154375,0.1404927664627975,0.001,ovr,0.1,rbf,"{'C': 0.001, 'decision_function_shape': 'ovr', 'gamma': 0.1, 'kernel': 'rbf'}",0.215033887861984,0.21472581638940233,0.21510015408320493,0.215033887861984,0.21472581638940233,0.21510015408320493,0.215033887861984,0.21472581638940233,0.21510015408320493,0.215033887861984,0.21472581638940233,0.21510015408320493,0.215033887861984,0.21472581638940233,0.21510015408320493,0.21495328611153042,0.00016310458583885704,181
32.53633093833923,1.0614733249711235,6.964264297485352,0.23968612189585028,0.001,ovr,0.01,rbf,"{'C': 0.001, 'decision_function_shape': 'ovr', 'gamma': 0.01, 'kernel': 'rbf'}",0.215033887861984,0.21472581638940233,0.21510015408320493,0.215033887861984,0.21472581638940233,0.21510015408320493,0.215033887861984,0.21472581638940233,0.21510015408320493,0.215033887861984,0.21472581638940233,0.21510015408320493,0.215033887861984,0.21472581638940233,0.21510015408320493,0.21495328611153042,0.00016310458583885704,181
31.708562469482423,0.8908171671752128,7.1847642739613855,0.18753173377959398,0.001,ovo,0.0001,rbf,"{'C': 0.001, 'decision_function_shape': 'ovo', 'gamma': 0.0001, 'kernel': 'rbf'}",0.215033887861984,0.21472581638940233,0.21510015408320493,0.215033887861984,0.21472581638940233,0.21510015408320493,0.215033887861984,0.21472581638940233,0.21510015408320493,0.215033887861984,0.21472581638940233,0.21510015408320493,0.215033887861984,0.21472581638940233,0.21510015408320493,0.21495328611153042,0.00016310458583885704,181
32.64242095947266,0.9093237800164294,6.816501077016195,0.1782379739264166,0.001,ovr,auto,rbf,"{'C': 0.001, 'decision_function_shape': 'ovr', 'gamma': 'auto', 'kernel': 'rbf'}",0.215033887861984,0.21472581638940233,0.21510015408320493,0.215033887861984,0.21472581638940233,0.21510015408320493,0.215033887861984,0.21472581638940233,0.21510015408320493,0.215033887861984,0.21472581638940233,0.21510015408320493,0.215033887861984,0.21472581638940233,0.21510015408320493,0.21495328611153042,0.00016310458583885704,181
